{"training_losses": [0.5085279778289795, 0.4650958088207245, 0.44799182882626853, 0.4398315046246847, 0.433041552772522, 0.42844909910996753, 0.42493356234073637, 0.4216798279778163, 0.4184412726291021, 0.4160416218551, 0.4142871642319361, 0.4123207295672099, 0.41047465602874755, 0.4093908667945862, 0.40733049396355947, 0.405697243309021, 0.4046704167906443, 0.4043440495379766, 0.4028690633392334, 0.40328463103930157, 0.4017817097266515, 0.40065073892911274, 0.40079298859755197, 0.3999233167934418, 0.39999325865109764, 0.39838405836900076, 0.3978078829256694, 0.39850613142967223, 0.3970329466231664, 0.3972921322552363, 0.39580463200569155, 0.39551995040416715, 0.39491204108397165, 0.394849762969017, 0.3951806625032425, 0.3944318059269587, 0.3931556242640813, 0.39351024178504945, 0.3935702841345469, 0.39307167860190073, 0.3939551625299454, 0.3927029624398549, 0.39218008137861887, 0.39158121048132577, 0.39226401597340904, 0.39175186981042226, 0.3912883658631643, 0.39102530409812924, 0.39116519913673403, 0.3913267751407623, 0.39084303525447844, 0.3910744057607651, 0.3907674768813451, 0.3903351961739858, 0.3903431156714757, 0.3895214238119125, 0.38923455141067503, 0.38907787876605987, 0.3898482775084178, 0.3878679662879308, 0.38925450684865315, 0.38894579487800596, 0.38882320982933044, 0.38920619129180906, 0.3884406634362539, 0.3882788675022125, 0.3883396858723958, 0.38804079465866087, 0.3883237488921483, 0.3881118869495392, 0.38859606295426685], "training_accuracies": [0.7310327010900364, 0.7626337544584819, 0.7730507683589453, 0.7770859028634288, 0.7810627020900697, 0.7832777759258642, 0.785814527150905, 0.7873229107636921, 0.7892813093769793, 0.7909930331011034, 0.791659721990733, 0.7924714157138572, 0.7936647888262942, 0.7943281442714757, 0.7957648588286276, 0.7958881962732091, 0.7967782259408647, 0.7966615553851795, 0.7979799326644221, 0.797258241941398, 0.7981299376645888, 0.7985216173872463, 0.7986499549985, 0.7995916530551018, 0.7987716257208574, 0.7993516450548351, 0.80022500750025, 0.7993433114437148, 0.8002233407780259, 0.8001933397779926, 0.8011867062235408, 0.8007216907230241, 0.8022000733357778, 0.8021450715023835, 0.8013683789459649, 0.801796726557552, 0.8022917430581019, 0.8021250708356945, 0.8015183839461315, 0.8021967398913297, 0.8019283976132537, 0.8028000933364445, 0.8025650855028501, 0.8032001066702223, 0.8027917597253241, 0.8032034401146705, 0.8035351178372613, 0.8035017833927798, 0.8035317843928131, 0.803258441948065, 0.8033384446148205, 0.8036217873929131, 0.8031417713923797, 0.8045284842828094, 0.8035351178372613, 0.804001800060002, 0.8048818293943132, 0.8045934864495483, 0.8040368012267075, 0.8056135204506817, 0.804608486949565, 0.8047368245608187, 0.8050201673389114, 0.8044751491716391, 0.8055251841728057, 0.8052901763392113, 0.8049068302276743, 0.8051185039501316, 0.8049718323944132, 0.8051435047834928, 0.805395179839328], "validation_losses": [0.47272985540828577, 0.45305633059471306, 0.44159342616760394, 0.4348671749673652, 0.4304270912759735, 0.42329877723589376, 0.4245775519731259, 0.4137507466390841, 0.41265410558354243, 0.4125142593238572, 0.4089326729392081, 0.41100103694708706, 0.4046472877344526, 0.4023275625633567, 0.4017042885961347, 0.40238054454076216, 0.40349155323323643, 0.4047001424923799, 0.4005386277058134, 0.3995565920703965, 0.401304006427595, 0.39759144316611467, 0.4008129254334669, 0.3981055327229015, 0.39389449924091996, 0.4007921732650874, 0.39555448923748754, 0.3943535020392536, 0.391797522445693, 0.39568738004429843, 0.3961461631117467, 0.3957962551219357, 0.3957111923064313, 0.3901900966664371, 0.38949610379176364, 0.387943351491134, 0.3907909199555247, 0.391420406983843, 0.3881859726923442, 0.3903407404269872, 0.3906674099455918, 0.39237100384564944, 0.3913363330789293, 0.387535240894634, 0.3897772786823373, 0.39128725266891184, 0.3888570024223988, 0.3872672560064865, 0.38756097645061577, 0.38869673923051656, 0.38869983801084257, 0.3869684060696417, 0.3928708046481252, 0.38849386974514116, 0.3857986788337732, 0.38950695275633324, 0.390420902682253, 0.3855668241721237, 0.3896981508926445, 0.384405470432889, 0.38371649002040226, 0.3877132637154325, 0.3848101321869893, 0.38751581531231905, 0.3839705312592892, 0.38898461513372, 0.3870789337900386, 0.3872810954294573, 0.38831661076735585, 0.3870887325804597, 0.38682762996757813], "validation_accuracies": [0.7572836246783204, 0.7702308092323693, 0.7752976785738096, 0.780191207648306, 0.7809379041828339, 0.7864714588583543, 0.7869648119258104, 0.7917783378001787, 0.7921916876675067, 0.7925383682013947, 0.7926983746016507, 0.7948717948717948, 0.796698534608051, 0.797325226342387, 0.796871874874995, 0.7956984946064509, 0.7970985506086911, 0.797365227942451, 0.797911916476659, 0.7976852407429631, 0.796911876475059, 0.8000720028801152, 0.8016187314159233, 0.7997653239462912, 0.8014453911489793, 0.7994453111457792, 0.8016854007493633, 0.7997253223462272, 0.8031787938184194, 0.8022054215501954, 0.8018587410163073, 0.8008453671480192, 0.8040721628865155, 0.8034188034188035, 0.8038321532861314, 0.8060589090230276, 0.8037121484859394, 0.8050322012880515, 0.8060322412896516, 0.8040988306198915, 0.8034321372854915, 0.8019120764830593, 0.8042321692867714, 0.8042455031534594, 0.8040454951531395, 0.8049655319546115, 0.8063789218235397, 0.8068589410243077, 0.8048588610211075, 0.8036188114191234, 0.8054722188887555, 0.8039254903529475, 0.7866314652586104, 0.8050455351547395, 0.8068322732909317, 0.8051788738216196, 0.8041388322199554, 0.8067522700908036, 0.8045788498206595, 0.8065922636905476, 0.8081923276931077, 0.8064989266237316, 0.8064589250236676, 0.8058589010227076, 0.8066722668906756, 0.8061922476899076, 0.8061922476899076, 0.8072322892915716, 0.8062589170233476, 0.8082323292931717, 0.8049921996879875]}