{"training_losses": [0.4912134770266215, 0.46784985610644025, 0.45763675754865013, 0.45208570180892943, 0.4495965589491526, 0.4456052632808685, 0.4439000393454234, 0.4436126000467936, 0.44102084860483803, 0.4405828868834178, 0.44039860312779744, 0.43960973755518595, 0.43862326934337614, 0.4379327132129669, 0.4366940482902527, 0.43557926011403403, 0.43491194089253743, 0.43498612215677895, 0.4340543439483643, 0.43437991198857623, 0.4335314517847697, 0.4335416972541809, 0.4333403500143687, 0.4327346000480652, 0.4328579867331187, 0.4324761932277679, 0.4317326532173157, 0.43095908908843994, 0.43081588835080464, 0.43148864459991454, 0.43037957763353984, 0.43010520173072814, 0.43008994102478026, 0.42933960267384846, 0.42969305004119873, 0.4297024175008138, 0.4292849270327886, 0.4293106556765238, 0.42925242318789164, 0.42885247789065045, 0.42880694588979085, 0.4281188684574763, 0.4278608147287369, 0.42859370012601217, 0.4284635413233439, 0.4280492809200287, 0.42813098666985827, 0.4279180154418945], "training_accuracies": [0.6792359745324844, 0.6826227540918031, 0.6924530817693924, 0.6909230307676922, 0.6968482282742758, 0.6945564852161739, 0.7026234207806927, 0.6939131304376812, 0.702608420280676, 0.7009066968898964, 0.694763158771959, 0.7023000766692223, 0.6987716257208574, 0.7032951098369946, 0.6992666422214073, 0.7043018100603353, 0.7081336044534818, 0.7037567918930631, 0.7013000433347778, 0.7064768825627521, 0.7013800460015334, 0.6953815127170906, 0.7018633954465149, 0.7004766825560852, 0.7028734291143038, 0.6984216140538018, 0.7041451381712723, 0.707621920730691, 0.7078152605086836, 0.6993766458881963, 0.7065252175072503, 0.7072302410080336, 0.7074535817860595, 0.7057151905063502, 0.7023350778359279, 0.7033367778925964, 0.7039634654488482, 0.7044351478382612, 0.7031267708923631, 0.7074902496749892, 0.7023234107803593, 0.7112720424014134, 0.6996399879996, 0.7049601653388446, 0.7018850628354278, 0.7061552051735058, 0.7059501983399447, 0.7123920797359912], "validation_losses": [0.380995879242494, 0.31954600842212394, 0.30944045583056456, 0.30514825864416834, 0.28678550343931564, 0.29933273359174123, 0.2786674478006783, 0.2749946303717153, 0.27743616740657084, 0.2702733180935016, 0.2750892376331825, 0.2675928632156317, 0.28392193639708785, 0.25773620380184875, 0.25633435298366697, 0.2637577900784272, 0.264122013855443, 0.266048657511173, 0.25628050639446887, 0.2534241697060463, 0.26368432339094205, 0.2675177705002023, 0.26171460989612205, 0.2707993738909669, 0.2561798568003052, 0.2582999682746168, 0.2701390002335744, 0.27256382509196264, 0.2551114965102646, 0.2494843965929305, 0.24747647598235478, 0.26103522514759947, 0.2535678695014184, 0.24464593972063842, 0.2550878789618735, 0.24128824914106112, 0.24742608209513733, 0.240812303565174, 0.2579516469707835, 0.25576434646478435, 0.255663477412764, 0.24712412575918075, 0.24373783071146188, 0.2474487205462617, 0.25344964391132213, 0.24426720482998732, 0.24161906018330787, 0.2590291543940822], "validation_accuracies": [0.8353934157366295, 0.8764617251356721, 0.8794885128738483, 0.8819819459445044, 0.8931957278291132, 0.8853154126165047, 0.890368948091257, 0.8945691160979773, 0.8965691961011774, 0.8984359374374975, 0.8977159086363454, 0.8996226515727296, 0.891422323559609, 0.8966625331679934, 0.9010227075749697, 0.9008360334413377, 0.9010093737082817, 0.9005426883742016, 0.9031294585116738, 0.9025827699774658, 0.9031161246449858, 0.9021160846433858, 0.8973292265023934, 0.9008760350414017, 0.8988759550382015, 0.904996199847994, 0.8995559822392896, 0.9019160766430657, 0.906076243049722, 0.9039428243796419, 0.905916236649466, 0.9051295385148739, 0.9040094937130818, 0.9086096777204421, 0.9022894249103297, 0.906182913983226, 0.9025561022440898, 0.9048228595810499, 0.9025827699774658, 0.9004226835740097, 0.905516220648826, 0.9013827219755457, 0.907062949184634, 0.9078496473192261, 0.9039294905129539, 0.9053828819819459, 0.9028627811779137, 0.8981025907702975]}