{"training_losses": [0.5302092881584167, 0.5078557401371002, 0.4985851454703013, 0.49267849199295044, 0.4899185420068105, 0.4874803797340393, 0.4848061952463786, 0.48218862290700276, 0.48236336988131207, 0.4805331402842204, 0.480493771498998, 0.47833540348688763, 0.47784730208396914, 0.478380775680542, 0.4769656789080302, 0.47684422313054403, 0.47678932364781695, 0.4760331809616089, 0.4753929999891917, 0.4746596391582489, 0.4745932356230418, 0.47509430574417116, 0.4740835501829783, 0.47364979609807334, 0.47371352247873943, 0.47332947504043577, 0.47337384203592936, 0.47291987122853596, 0.4728483214950562, 0.4721993025684357, 0.47239333937009176, 0.47186125617663066, 0.4713176303641001, 0.47077517150561016, 0.4718383950106303, 0.4714274183686574, 0.47093915256818136, 0.47028122221628826, 0.46990074272791543, 0.4704968004322052, 0.4696689838949839, 0.4698308941332499, 0.4701700684261322, 0.4692676778825124, 0.4699845882542928, 0.4687424279562632], "training_accuracies": [0.6385546184872829, 0.6642671422380746, 0.6722874095803193, 0.6718490616353878, 0.6748541618053935, 0.6758208606953565, 0.6746158205273509, 0.6817877262575419, 0.6797976599219974, 0.6745891529717657, 0.6824277475915864, 0.6824727490916364, 0.6828627620920698, 0.6816743891463048, 0.6824444148138271, 0.6836294543151439, 0.6812927097569919, 0.6829410980366012, 0.6783592786426215, 0.689816327210907, 0.6799776659221974, 0.6788476282542751, 0.6890929697656588, 0.6820060668688956, 0.678574285809527, 0.6843661455381846, 0.6832611087036234, 0.6860712023734125, 0.6842678089269643, 0.6833294443148105, 0.6866195539851329, 0.6816827227574253, 0.6849861662055402, 0.6845611520384013, 0.6832194406480216, 0.6813177105903531, 0.6825844194806494, 0.6776059201973399, 0.6886979565985533, 0.6904746824894163, 0.6885062835427848, 0.6822594086469549, 0.6807460248674956, 0.6857578585952865, 0.6825927530917697, 0.6894696489882997], "validation_losses": [0.4230456853080458, 0.4115290450812191, 0.3848185734738779, 0.3685258982726107, 0.37126510138989066, 0.37132994561958244, 0.3614918874406783, 0.3665391415007299, 0.35011687176888523, 0.3559530365418141, 0.3603039359538688, 0.3568357622084462, 0.34648466743457, 0.35792720711943626, 0.3598189395510277, 0.35161540006488606, 0.33822673536865544, 0.3444095121559219, 0.34886918743943457, 0.33622216501585456, 0.35069604926627146, 0.335698387874721, 0.35084067748514225, 0.3390876931625537, 0.34136647007738796, 0.3384142977825969, 0.3448536955343472, 0.33522127379173594, 0.3408371625657743, 0.3575785594503458, 0.3360416592006023, 0.33020206963401116, 0.33152181721404517, 0.334618639477549, 0.33871403950229584, 0.32514454558151556, 0.3316383337556679, 0.3469034477003904, 0.32616179898401576, 0.329594241289912, 0.33589127418273734, 0.336131120860666, 0.3325774891525519, 0.32862077820330376, 0.33328008355358324, 0.3281810016353997], "validation_accuracies": [0.8264597250556689, 0.8327666439990933, 0.844180433884022, 0.8503406802938784, 0.8502740109604384, 0.8548475272344227, 0.8527807778977826, 0.8550875368348068, 0.8553275464351907, 0.858461005106871, 0.8523940957638305, 0.8576876408389669, 0.8618478072456232, 0.8628345133805352, 0.8615944637785511, 0.8646079176500393, 0.8614477912449832, 0.8643679080496554, 0.8631411923143593, 0.8640745629825193, 0.8650746029841193, 0.8660346413856554, 0.8628745149805992, 0.8619278104457512, 0.8659413043188394, 0.8639945597823913, 0.8683414003226796, 0.8671413523207595, 0.8625278344467112, 0.8661679800525355, 0.8658746349853994, 0.8672213555208875, 0.8653679480512554, 0.8665546621864875, 0.8680613891222315, 0.8681147245889835, 0.8675413683213995, 0.8680613891222315, 0.8680080536554795, 0.8689680920570156, 0.8672746909876395, 0.8670480152539435, 0.8689547581903276, 0.8675947037881515, 0.8672613571209515, 0.8681680600557355]}