{"training_losses": [0.28817873790423076, 0.2113283160261313, 0.1890011294567585, 0.1749645715109507, 0.16674489219347635, 0.1607368203751246, 0.154974108539025, 0.15376500195503234, 0.15092287551422914, 0.14697900069912276, 0.1388048792062203, 0.1360766298810641, 0.13213262267291545, 0.13243455614189306, 0.13632287569999696, 0.1902028895843029, 0.1432166902166605, 0.12163374083946149, 0.19983741427560647, 0.13872062503655752, 0.4151962543106079, 0.1806264762341976, 0.1256917359226942, 0.12128529348264137, 0.11961061283379794, 0.1266953726268808, 0.12636705593188605, 0.11909139718681575, 0.1296505599634846, 0.13280365429510674, 0.15126898205344877, 0.11422062508722146, 0.11818899833500385, 0.12365335718949635, 0.15355019433557987, 0.11304574926843246, 0.1398627561233441, 0.114404025867184, 0.14785198106686273, 0.1212220045787096, 0.1394112556770444, 0.17743208598315716], "training_accuracies": [0.8581136037867929, 0.8977149238307943, 0.9082202740091336, 0.9147088236274542, 0.9177639254641822, 0.9195756525217508, 0.9220707356911897, 0.9237007900263342, 0.9248708290276343, 0.9287159571985732, 0.9335961198706624, 0.9369112303743458, 0.940716357211907, 0.9434414480482682, 0.9426897563252108, 0.9438197939931331, 0.9464848828294277, 0.9490116337211241, 0.9464398813293776, 0.9452831761058702, 0.9444981499383313, 0.9369195639854662, 0.9484632821094037, 0.9497099903330111, 0.9514217140571353, 0.9502116737224574, 0.9492566418880629, 0.9516800560018668, 0.951528384279476, 0.950358345278176, 0.9520534017800594, 0.9531967732257742, 0.9531367712257075, 0.9525000833361112, 0.9474215807193573, 0.9537184572819094, 0.9524100803360112, 0.9537451248374946, 0.9546884896163206, 0.9549768325610853, 0.9561868728957632, 0.9527934264475483], "validation_losses": [0.2307792930831544, 0.19888265159335472, 0.17727286678380508, 0.16640093643871023, 0.16755860418058377, 0.15826076709665418, 0.15931073779435082, 0.15846890171068523, 0.15108505292706514, 0.14350057448499154, 0.14488276401706365, 0.143556473071182, 0.13521379668316302, 0.13075340949855266, 0.15633467969171913, 0.12893452933749833, 0.13001128191516112, 0.12774503565369058, 0.1347152677904857, 0.1391456188303574, 0.12909536356124318, 0.14576905698381828, 0.13082969185900364, 0.12194003589788482, 0.12699198755574664, 0.12421811425557083, 0.1292055168126732, 0.1208105673680772, 0.13934938036914787, 0.14242153075029595, 0.13990484785119178, 0.1203478272716571, 0.1459604579922659, 0.13517903373727055, 0.1387702334929119, 0.12866279210218654, 0.12496025132374591, 0.12374755577341039, 0.1315955356882326, 0.22846547098864856, 0.1303845247551391, 0.1217223531035345], "validation_accuracies": [0.8885822099550649, 0.906236249449978, 0.9157299625318346, 0.9198101257383628, 0.9197834580049868, 0.922783578009787, 0.9243303065455951, 0.9228502473432271, 0.9308905689560916, 0.9322639572249557, 0.9247303225462352, 0.9362374494979799, 0.9448777951118045, 0.9456244916463326, 0.9332773310932437, 0.9473845620491487, 0.9468112057815646, 0.9483979359174367, 0.9415443284398043, 0.9441177647105884, 0.9484512713841887, 0.9459978399135965, 0.9494646452524768, 0.9521847540568289, 0.9476112377828446, 0.951944744456445, 0.9493713081856607, 0.9513580543221729, 0.9486646132511967, 0.9469978799151966, 0.9496779871194848, 0.9521314185900769, 0.9486512793845087, 0.9509313705881569, 0.936797471898876, 0.954104830859901, 0.953171460191741, 0.9513713881888609, 0.9503046788538209, 0.9515713961891809, 0.9544248436604131, 0.9493713081856607]}