{"training_losses": [0.001586959486650266, 0.0007934347940551969, 0.0006356625700637696, 0.0005375671154411896, 0.00048439746045323876, 0.0004362059687921826, 0.0004114637933135951, 0.0003745192094801844, 0.0003599019323689602, 0.00033546848651540967, 0.0003256482012789569, 0.00031592073019917155, 0.00029465322661210004], "training_accuracies": [0.960430347678256, 0.9822094069802326, 0.9859328644288143, 0.9882579419313977, 0.9894379812660422, 0.9903663455448515, 0.9911180372679089, 0.9918197273242442, 0.9921197373245775, 0.9928230941031367, 0.9930297676589219, 0.9933314443814794, 0.9937697923264108], "validation_losses": [0.0009783424758082679, 0.0008086900531826325, 0.0006418815981966645, 0.0006396494885096394, 0.0005926788036998261, 0.0006644928926415026, 0.0005659948532920604, 0.0005411637453960402, 0.0005626608468765202, 0.0006123406059460005, 0.0005838486954641676, 0.0006378115471032059, 0.0007452555534250007], "validation_accuracies": [0.9780924570316146, 0.983866021307519, 0.9867061349120632, 0.9868794751790072, 0.9870394815792631, 0.9860527754443511, 0.9884262037148153, 0.9891328986492793, 0.9894129098497273, 0.9888395535821433, 0.9899462645172473, 0.9896262517167354, 0.9869994799791991]}