{"training_losses": [0.5679022932088376, 0.38250838547023325, 0.3304219941445537, 0.28858546640690175, 0.27268089998434664, 0.23910086723078858, 0.22280541763867834, 0.22022581304004252, 0.22322461165279925, 0.20471055976567704, 0.2037378092199724, 0.21872596155602106, 0.1709729855158182, 0.20020496660661466, 0.17839006483493067, 0.17191900499237062, 0.17672603590237257, 0.18372478200357886, 0.19089012837841388, 0.17032079491965968, 0.16364292777006165, 0.16024221418320622, 0.22549352820266272, 0.22553980879321395], "training_accuracies": [0.6378129270975699, 0.8185206173539118, 0.8390996366545551, 0.8590403013433782, 0.865040501350045, 0.8833744458148605, 0.8903196773225774, 0.8913813793793126, 0.889164638821294, 0.8990666355545185, 0.8991533051101703, 0.8929797659921997, 0.9256041868062269, 0.9097403246774892, 0.9229040968032268, 0.927384246141538, 0.9253891796393213, 0.9221590719690657, 0.9194423147438248, 0.9266358878629287, 0.9361945398179939, 0.9358661955398513, 0.9205406846894897, 0.9285026167538918], "validation_losses": [0.46663059588545036, 0.35587770274909747, 0.3183182475977016, 0.30125903066938503, 0.2740644765821832, 0.30162411707040604, 0.2566458681974103, 0.23800220028505983, 0.23993956549069687, 0.2398912450574919, 0.22895685459139187, 0.22223998923374397, 0.22649019281321073, 0.2006334069545564, 0.2124873863330108, 0.19798399291129212, 0.18780055074487223, 0.2022108540179654, 0.18729592298531858, 0.19974528699937052, 0.22992850094521375, 0.2289931692426234, 0.19954000667552976, 0.20920044598220228], "validation_accuracies": [0.7721908876355055, 0.8315265943971092, 0.8515673960291745, 0.8606877608437671, 0.8430070536154779, 0.8414869928130458, 0.8678213795218476, 0.8775017667373362, 0.8809685720762164, 0.8834486712801846, 0.890208941691001, 0.8979559182367295, 0.9021294185100738, 0.9096897209221703, 0.9090896969212102, 0.9151832739976266, 0.9196901209381708, 0.9118098057255624, 0.9209301705401549, 0.9224368974758991, 0.9174500313345867, 0.9035161406456258, 0.9141832339960265, 0.9169833460005067]}