{"training_losses": [0.5463776819737752, 0.5048963351710637, 0.49032205505371096, 0.48024129459381104, 0.4761104470046361, 0.4721182211605708, 0.46921156608581543, 0.4675900081475576, 0.46373845732212066, 0.4630272914727529, 0.46164459735393526, 0.4595828298775355, 0.45818651563167573, 0.45677014694054924, 0.45546070851325987, 0.454504736289978, 0.4558619829273224, 0.45491566906929015, 0.45431809763113656, 0.45285663341999055, 0.45135558809916176, 0.45042403033097583, 0.4501524437872569, 0.4506136675643921, 0.44977838537534076, 0.4484345817391078, 0.45052935503164926, 0.44934211189111073, 0.44859687254110975, 0.4478776151847839, 0.4469357058382034, 0.4476491439294815, 0.4467761956230799, 0.44544146428743997, 0.44739247077941896, 0.4461963228909175, 0.44534171239535014, 0.4456007199970881, 0.4453780702718099, 0.44396652076721194, 0.44518503593444825, 0.4444025294224421, 0.4446325931580861, 0.44466541295051576, 0.44330310929457345, 0.4425950006532669, 0.4438049029795329], "training_accuracies": [0.6485016167205574, 0.6667588919630655, 0.6723240774692489, 0.6799076635887863, 0.6797893263108771, 0.6860645354845162, 0.677699256641888, 0.687297909930331, 0.681159371979066, 0.6888979632654422, 0.6848311610387013, 0.6910713690456348, 0.6966765558851962, 0.6815677189239642, 0.6900796693223108, 0.6908213607120237, 0.6928797626587553, 0.6886779559318644, 0.6834444481482717, 0.6896863228774293, 0.6900196673222441, 0.6856211873729124, 0.6943881462715424, 0.6930031001033368, 0.6945131504383479, 0.6937414580486017, 0.6888329610987033, 0.6926780892696424, 0.6897229907663589, 0.6909330311010367, 0.6910897029900996, 0.6945181506050202, 0.6939631321044035, 0.6885496183206107, 0.6944814827160906, 0.6902363412113737, 0.6989416313877129, 0.6900796693223108, 0.6922180739357978, 0.6958748624954165, 0.6964832161072035, 0.699976665888863, 0.69105303510117, 0.6977799259975332, 0.6963998799959998, 0.6962682089402981, 0.6957981932731091], "validation_losses": [0.422899297037121, 0.3879126809572529, 0.3898517633235929, 0.3550746195521325, 0.391760625821727, 0.3377701291567378, 0.35901048762369214, 0.3483720756258213, 0.3284423826126252, 0.3012480078130503, 0.31472592387142984, 0.3140550464146447, 0.3057164583454012, 0.3028164711601812, 0.2967994473024388, 0.303662420010521, 0.297764019375267, 0.3334959079956148, 0.3023010530247157, 0.30302140496295954, 0.29300727985331826, 0.2921546773749461, 0.3034418250433724, 0.29892816171803543, 0.28297149199273525, 0.30335942808488736, 0.28329246466470304, 0.2928077207337615, 0.27972714563691575, 0.31831704382630915, 0.2966000241254942, 0.29155222264057784, 0.3083524913038751, 0.28335891109272304, 0.3029587787216108, 0.292698913270073, 0.27146603087925103, 0.28690460770789616, 0.27487997898390404, 0.28160060359887384, 0.2860651042535099, 0.30075312290691697, 0.27786084528770966, 0.27306480008746625, 0.2809649082312311, 0.2753781249815472, 0.30021079520910826], "validation_accuracies": [0.8332999986666133, 0.8399535981439258, 0.8087256823606278, 0.8703014787258156, 0.7647105884235369, 0.8681680600557355, 0.8667546701868075, 0.874701654732856, 0.8773950958038321, 0.8719548781951278, 0.8728615811299119, 0.8783418003386803, 0.8810485752763444, 0.8814219235436084, 0.8777551102044082, 0.8809685720762164, 0.874834993399736, 0.8388468872088217, 0.8877155086203448, 0.8845287144819126, 0.8874221635532088, 0.8877688440870968, 0.8869821459525048, 0.8878088456871608, 0.8896489192901049, 0.891782337960185, 0.891902342760377, 0.8868354734189368, 0.891849007293625, 0.8608877688440871, 0.889395575823033, 0.8927023747616571, 0.8861554462178487, 0.891035641425657, 0.8864754590183608, 0.8926357054282171, 0.890688960891769, 0.8876755070202809, 0.8901156046241849, 0.8873954958198328, 0.8931957278291132, 0.891862341160313, 0.8933290664959932, 0.8949957998319933, 0.8928890488952892, 0.8973158926357054, 0.8894622451564729]}