{"training_losses": [0.006743033758816852, 0.006257226464827779, 0.006122761801103262, 0.006082758116219027, 0.006012319338977756, 0.00598314352644742, 0.005955396113255536, 0.005935591130717571, 0.0059320344901809315, 0.005894899190111976, 0.005888039824472769, 0.005880076575457659, 0.005853102510576626, 0.00585038553348537, 0.005839902091942857, 0.00583162251435827, 0.005826031489374678, 0.00582749699416421, 0.005810949891257268, 0.005800947157007371, 0.005800914863276797, 0.0057945355376588, 0.005788957294895155], "training_accuracies": [0.7323660788692956, 0.7459648654955165, 0.7492833094436481, 0.7504366812227075, 0.7522234074469148, 0.7523884129470982, 0.7537434581152705, 0.7538417947264909, 0.7540401346711557, 0.7548901630054335, 0.7554468482282742, 0.7556501883396113, 0.7566135537851262, 0.7559535317843928, 0.7569635654521817, 0.7575602520084003, 0.757328577619254, 0.7565852195073169, 0.7575052501750058, 0.7574385812860429, 0.7572002400080002, 0.758025267508917, 0.7580886029534318], "validation_losses": [0.0024212502888975628, 0.002574125226807454, 0.0020394305819985657, 0.0016965604798971693, 0.0017666707185993516, 0.0016640965625424576, 0.001726455059660157, 0.0015826732807294247, 0.0015471005440215288, 0.0015736448516060894, 0.001457093295082912, 0.0015372793928724764, 0.0013542224847272355, 0.001569496331035591, 0.0016507933680917609, 0.001381810762932239, 0.0014910435223998405, 0.00125843751747144, 0.0018059050052265679, 0.0014307700346022848, 0.0013412618358034653, 0.001286774893850893, 0.0014112090007014496], "validation_accuracies": [0.9558915689960932, 0.9433177327093084, 0.9626918410069736, 0.9731855940904303, 0.9739856260917104, 0.9746923210261744, 0.9717455364881262, 0.9767857380961905, 0.9776257716975346, 0.9761590463618545, 0.9779457844980466, 0.9784791391655666, 0.9797725242343027, 0.9778124458311666, 0.9756390255610224, 0.9800792031681267, 0.9795325146339187, 0.9794125098337266, 0.968212061815806, 0.9796925210341747, 0.9750523354267504, 0.9811059109031028, 0.9712655172873582]}