{"training_losses": [0.4576635994937388, 0.3596518428803782, 0.32571287530652615, 0.30510739729158215, 0.2882349782363259, 0.32473264221967807, 0.2663831317342009, 0.2628789652613078, 0.26391868599846074, 0.2736619468968858, 0.2620929603797908, 0.25935617341717476, 0.2531107490138047, 0.378041623608788, 0.25461690263329523, 0.25166280660420814, 0.2520434515632007, 0.33579847673274327, 0.26187758461971633, 0.3702787002642966], "training_accuracies": [0.765805526850895, 0.8261658721957399, 0.845211507050235, 0.8566252208406947, 0.8639637987932931, 0.8661305376845895, 0.8725590853028434, 0.8746641554718491, 0.8756691889729658, 0.8761158705290176, 0.8787909596986566, 0.8792193073102437, 0.8807826927564252, 0.8760442014733825, 0.8826544218140605, 0.8832444414813827, 0.8838811293709791, 0.8730191006366879, 0.8811377045901531, 0.8792543084769492], "validation_losses": [0.383529459424465, 0.3536226852005013, 0.3059862580540071, 0.29206441507008074, 0.3098324627963644, 0.2889051640604183, 0.26915059080452736, 0.37169921826702634, 0.24616440502617168, 0.2445977068188867, 0.48308312945689236, 0.25713786132162075, 0.2544737019430962, 0.247614018136014, 0.267908103017373, 0.24568572200119163, 0.25539687982232656, 0.31506762936893135, 0.2735048989399899, 0.275389767514233], "validation_accuracies": [0.8082856647599237, 0.8384335373414936, 0.859181033908023, 0.8427270424150299, 0.8487272824246304, 0.874701654732856, 0.8496339853594144, 0.8711948477939118, 0.8790751630065202, 0.8860354414176567, 0.8843153726149046, 0.8820352814112564, 0.8759950398015921, 0.8861287784844727, 0.8763950558022321, 0.8773417603370801, 0.8811552462098484, 0.8847953918156726, 0.8895955838233529, 0.8831286584796725]}