{"training_losses": [0.4217984908909802, 0.29860216222823627, 0.2609157307155056, 0.2433567316953544, 0.22941731878793692, 0.2181773099711809, 0.21758478179297103, 0.2092197411157328, 0.20198308924422861, 0.20673266778229774, 0.19354450342642282, 0.20129883629890444, 0.1903232517229881, 0.2215089908108003, 0.18632648293557033, 0.1950368197925294, 0.18304451431873903, 0.2800071324415804, 0.20750446065024167, 0.19403655567931466, 0.2133382814954729, 0.24688817767194027, 0.203679508393239, 0.193645580417035, 0.29357936924130656, 0.19716883408947392, 0.18293260685974577, 0.6563729119625719, 0.7091794071381123, 0.6652751079527537, 0.7227465960216523, 0.7152121146396796, 0.6592712875525156, 0.6985167124048869, 0.6694488316361109], "training_accuracies": [0.7834894496483216, 0.8567818927297577, 0.8765258841961399, 0.8851628387612921, 0.8931164372145738, 0.89851495049835, 0.9016667222240742, 0.9031067702256742, 0.9054435147838261, 0.9043634787826261, 0.9088486282876096, 0.9079552651755058, 0.9116853895129837, 0.9053318443948132, 0.9117737257908597, 0.9114153805126838, 0.9145888196273209, 0.9029050968365612, 0.9080986032867763, 0.9143354778492616, 0.903351778392613, 0.8981632721090703, 0.9117153905130171, 0.9126137537917931, 0.9103453448448282, 0.9108520284009467, 0.9134587819593987, 0.8868812293743125, 0.6984966165538852, 0.5032167738924631, 0.4982366078869296, 0.5003416780559352, 0.5048368278942631, 0.4998766625554185, 0.501460048668289], "validation_losses": [0.3186856088444755, 0.2662866666540377, 0.2525872882010912, 0.27181620785464305, 0.21370079354943244, 0.20754970157130365, 0.21761187463840814, 0.19761566305075093, 0.20112917997347837, 0.19657861405054508, 0.20328394822269874, 0.1920141139258728, 0.19757723566215854, 0.19240440668103237, 0.2124262529833193, 0.1849698628701359, 0.20982000479994192, 0.21397924848435218, 0.19564051574692248, 0.21210548017386135, 0.20430268488131453, 0.25353246783575256, 0.9259485886824993, 0.1840392122825283, 0.1786205600458194, 0.19382989248652305, 0.2228349257709813, 0.25742753982310596, 0.6562518959073554, 0.714798195021117, 0.6648326913547518, 0.6484191812125725, 0.6525276753984042, 0.6509146820780884, 0.6492716270247998], "validation_accuracies": [0.8500873368268064, 0.8787418163393202, 0.8838486872808246, 0.8716348653946158, 0.9053562142485699, 0.9079963198527942, 0.9039028227795779, 0.9103964158566342, 0.8876355054202169, 0.9113164526581063, 0.875621691534328, 0.9130765230609225, 0.9149965998639945, 0.9160366414656587, 0.8846620531487926, 0.9121964878595143, 0.9198767950718029, 0.9004360174406977, 0.9150232675973705, 0.9046628531807939, 0.9109564382575303, 0.8886755470218809, 0.8933957358294332, 0.9079696521194182, 0.9161166446657867, 0.9187434164033228, 0.9091830339880261, 0.8881421923543609, 0.4673920290144939, 0.4672053548808619, 0.4671920210141739, 0.5328079789858261, 0.4671920210141739, 0.4671920210141739, 0.4671920210141739]}