{"training_losses": [0.20862453641176223, 0.14232839886764687, 0.12693964323719342, 0.11845053834885359, 0.1120974045385917, 0.10702124870320161, 0.10374004160652558, 0.10100222246487936, 0.0989230233301719, 0.09730382377177477, 0.09509064013540745, 0.09393361038361986, 0.09290210121393204, 0.09768134792899091, 0.0900036338686198, 0.0901695035130779, 0.08814304339672129, 0.08824555187324683, 0.08730077817320823, 0.08636784493195514, 0.0892375364783158, 0.0862146402537326, 0.0853759184799095, 0.08455114243323604, 0.08720349962914983, 0.08589365594399472, 0.08369330665839216, 0.08942712499812246, 0.08375887231225769, 0.08390634985317787, 0.08445779679601391, 0.08390394516557455, 0.08340218978524208, 0.08258529703011115, 0.08272488835111261, 0.08333722732437154, 0.08502428201928734, 0.08331148490359386, 0.08858853964614372, 0.08392453756103913, 0.10886967810566227, 0.0842937568298479, 0.0998974291375031, 0.09175668510516484, 0.08945704741661747, 0.1293589897302538], "training_accuracies": [0.9060068668955632, 0.9402113403780126, 0.9474899163305444, 0.9517650588352945, 0.9547534917830595, 0.9571869062302076, 0.9589469648988299, 0.9598836627887596, 0.9608836961232041, 0.9616137204573486, 0.9624537484582819, 0.963310443681456, 0.9635804526817561, 0.9638221274042468, 0.9649121637387913, 0.9648988299609987, 0.9656821894063136, 0.9656455215173839, 0.9662838761292043, 0.9666172205740191, 0.9666988899629988, 0.966907230241008, 0.9671172372412413, 0.9675605853528451, 0.9672955765192173, 0.9674022467415581, 0.9677772592419748, 0.9671239041301377, 0.9681122704090136, 0.9677005900196674, 0.9678772625754192, 0.9679922664088803, 0.9680472682422747, 0.9684589486316211, 0.9684289476315877, 0.968257275242508, 0.9682189406313544, 0.9685972865762192, 0.9673005766858895, 0.968075602520084, 0.9657321910730358, 0.9679439314643822, 0.9670822360745358, 0.9658238607953599, 0.9666105536851228, 0.9662572085736191], "validation_losses": [0.14776742197362627, 0.13664614334350228, 0.11800819166840176, 0.13668853671555076, 0.10989863294917565, 0.10398310457990363, 0.11273651514321564, 0.10265336417210805, 0.09879807794150783, 0.09912540116805074, 0.10692374465693301, 0.10239971226309535, 0.09890199669900823, 0.093473218260885, 0.09735535028914867, 0.09049569583343922, 0.09090934239547628, 0.09212984016262381, 0.0926571077385123, 0.09308341616513063, 0.09250686134369424, 0.0950631324144433, 0.08892645136810401, 0.09772073740800717, 0.08966638820065478, 0.08889657470949802, 0.14159046319434967, 0.09133933069653374, 0.09653809049736649, 0.08937085766509589, 0.0954311338793428, 0.09259081125226577, 0.08749296451064638, 0.09178140255460812, 0.08762440931400446, 0.08587042694322505, 0.08868164945493376, 0.15535122571584334, 0.0967404469991455, 0.11992122209554608, 0.09403643715013471, 0.0958550960629606, 0.08611786164620971, 0.09174837318637455, 0.09377035299612646, 0.12083527342164258], "validation_accuracies": [0.9381708601677401, 0.9441977679107164, 0.9522247556568929, 0.9444644452444765, 0.9564249236636132, 0.9581183247329893, 0.9555315545955172, 0.9599850660693094, 0.9622518234062696, 0.9619318106057576, 0.9591050308679013, 0.9613851220715496, 0.9617184687387496, 0.9636918810085737, 0.9629585183407336, 0.9656519594117098, 0.9656652932783978, 0.9650119338106857, 0.9654119498113258, 0.9655052868781417, 0.9660786431457258, 0.9635718762083817, 0.9666786671466858, 0.9669453444804459, 0.9662786511460458, 0.9669720122138219, 0.9675320346147179, 0.9671053508807019, 0.9635718762083817, 0.9672120218142058, 0.9663053188794218, 0.9661586463458538, 0.9673453604810859, 0.9684120698161259, 0.968132058615678, 0.968545408483006, 0.9664919930130539, 0.9679053828819819, 0.9664119898129259, 0.9655986239449578, 0.9651319386108778, 0.9670386815472619, 0.9684387375495019, 0.9661053108791018, 0.9665453284798059, 0.9573849620651492]}