{"training_losses": [0.0018507776256120932, 0.0009704671133050656, 0.0007958416975230495, 0.0007194506981594967, 0.0006669340352167965, 0.0006201373230079197, 0.0005908347728824591, 0.0005720228818646975, 0.0005489561146120575, 0.0005405164835345038, 0.0005248002401805309, 0.0005158361577671861, 0.0005063485473475738, 0.0004986377480743509], "training_accuracies": [0.9490183006100203, 0.975810860362012, 0.980329344311477, 0.9823627454248475, 0.9839194639821327, 0.985094503150105, 0.9856811893729791, 0.9864678822627421, 0.9868395613187106, 0.9873295776525884, 0.9877562585419514, 0.9879929330977699, 0.9883579452648421, 0.9885329510983699], "validation_losses": [0.0011058335740743404, 0.0009081300801193462, 0.0009292712207682025, 0.0007092585077556957, 0.0006919598082708816, 0.0007279229219849432, 0.0006705297305653533, 0.0006417215808499873, 0.0006148284136342122, 0.0006976046703898956, 0.0006370750063578667, 0.0006328554898147954, 0.0006891093126999035, 0.0006760926141599602], "validation_accuracies": [0.9726522394229102, 0.9774390975639026, 0.9773457604970865, 0.983399335973439, 0.983372668240063, 0.983399335973439, 0.984892729042495, 0.9851994079763191, 0.9868794751790072, 0.984906062909183, 0.9860127738442871, 0.9857327626438391, 0.985399415976639, 0.9861727802445431]}