{"training_losses": [0.005490344100297697, 0.0037486559075972925, 0.0032820758087018145, 0.0030438671491098846, 0.002849996056028695, 0.0027375245121270928, 0.0026500734127661357, 0.0025989304185176703, 0.0025391254333469973, 0.0024528302185359355, 0.002421857439529788, 0.0023893809911174724, 0.002338544177203139, 0.002327584033130608, 0.002303766912178751, 0.0022631028049657264, 0.0022267885831991777, 0.002231670145225157, 0.0022043971888657627, 0.0022005382862221286, 0.0021817237006770997, 0.002174725150923825, 0.002145475034267222, 0.002145059200434051], "training_accuracies": [0.922054068468949, 0.9491783059435315, 0.9561502050068336, 0.9594069802326745, 0.9623520784026134, 0.9640438014600486, 0.965467182239408, 0.9663305443514784, 0.9671905730191006, 0.9685456181872729, 0.9689106303543451, 0.96933397779926, 0.9699856661888729, 0.9704656821894063, 0.9709690323010767, 0.9714007133571119, 0.9717823927464249, 0.9714957165238841, 0.9716790559685323, 0.9719823994133138, 0.9721224040801361, 0.9725207506916898, 0.972729090969699, 0.9727407580252675], "validation_losses": [0.004549022698437036, 0.005049823780494318, 0.0031172248747096507, 0.0028921243478496556, 0.002972854470757094, 0.0027248524833995472, 0.0031707063403977444, 0.002417901521798171, 0.002504906594382932, 0.0024112117701197327, 0.002389737743317338, 0.002584758987218621, 0.002338490774129178, 0.00223634570490451, 0.0022881257187835685, 0.002368851525070263, 0.0023313121332999872, 0.0022642180137218593, 0.0021375401866422197, 0.0024736745855812544, 0.00222468460083532, 0.0023112579043348016, 0.0021654624608891727, 0.002159949389131001], "validation_accuracies": [0.9371308185660759, 0.9318372734909396, 0.9603450804698854, 0.9615451284718055, 0.9624651652732776, 0.9654652852780778, 0.9606384255370215, 0.968558742349694, 0.967598703948158, 0.9689320906169581, 0.9698521274184301, 0.9698387935517421, 0.9707454964865261, 0.9720388815552622, 0.9712388495539822, 0.9716788671546862, 0.9733589343573743, 0.9725989039561582, 0.9721055508887022, 0.9704788191527661, 0.9716255316879342, 0.9727455764897263, 0.9734256036908143, 0.9731455924903663]}