{"training_losses": [0.22551885171294211, 0.16788812705248593, 0.15114333412848413, 0.1423950741181026, 0.13723249898326895, 0.13258844248861074, 0.13002810453387598, 0.12655238175178568, 0.12461968067814906, 0.12279044522998234, 0.1218374161706989, 0.12121646763297418, 0.11953498969031809, 0.11854418466763571, 0.11855140150030453, 0.11665558482702822, 0.11765102840241044, 0.11701149210384737, 0.11619647375678023, 0.1162053458730504, 0.11501354143602152, 0.11441970667308818, 0.11438657028036812, 0.11506098380905887, 0.11428241421720634, 0.1141737010185048, 0.11554165382776409, 0.11365999546106904, 0.11324380402732641, 0.11371877182272573, 0.11419901142674188, 0.11392760695414618], "training_accuracies": [0.8999816660555352, 0.9279409313643788, 0.9362928764292143, 0.9400263342111403, 0.9427914263808793, 0.9448448281609387, 0.9459565318843961, 0.9476665888862962, 0.9487449581652722, 0.9492366412213741, 0.9496649888329611, 0.9502283409446981, 0.9516733891129704, 0.951976732557752, 0.951888396279876, 0.9523084102803426, 0.9525184172805761, 0.9525684189472983, 0.9528850961698724, 0.953081769392313, 0.9539717990599687, 0.9540784692823094, 0.9543751458381946, 0.954248474949165, 0.9539601320044001, 0.9543968132271076, 0.9542434747824927, 0.9544301476715891, 0.9545434847828261, 0.9542118070602353, 0.9540051335044502, 0.9542351411713724], "validation_losses": [0.19234743407325586, 0.1747869211218979, 0.16575318928041816, 0.1514994950942436, 0.16221958571659992, 0.15139644190239246, 0.15367946757807094, 0.1502115180360143, 0.14726571409971173, 0.14223281282960326, 0.13874192916334022, 0.13649423193592738, 0.13462404033916886, 0.14223390007810457, 0.1422935941966671, 0.13441563181146804, 0.14802016852448632, 0.13534708853322194, 0.142651147786582, 0.13915961885696804, 0.14204138415824916, 0.13102392535110124, 0.14129792276391107, 0.13500240436005545, 0.1415880193700956, 0.13311217127933558, 0.13977866569824832, 0.14651360407803218, 0.13748691952822614, 0.13174064969888188, 0.13307348566106356, 0.17916402732488912], "validation_accuracies": [0.9169033428003787, 0.9287038148192595, 0.9324772990919636, 0.9362641172313559, 0.9355707561635799, 0.937824179633852, 0.9346373854954199, 0.9404909529714522, 0.9431177247089884, 0.9426777071082844, 0.9461178447137886, 0.9436644132431964, 0.9458911689800925, 0.9423176927077083, 0.9408909689720922, 0.9471578863154526, 0.9385708761683801, 0.9443844420443485, 0.9429443844420443, 0.9457711641799005, 0.9433444004426844, 0.9469445444484446, 0.9439710921770205, 0.9457978319132765, 0.9452111417790044, 0.9484512713841887, 0.9458778351134045, 0.9437844180433884, 0.9461311785804766, 0.9487846180513887, 0.9463578543141725, 0.9271170846833874]}