{"training_losses": [0.22858058248043062, 0.16267086116154988, 0.14698646856745085, 0.1400261122516791, 0.13385194134314854, 0.12974198124468325, 0.1269971623712778, 0.12394162950336933, 0.12201772606233756, 0.11983801228801409, 0.11785111023634672, 0.11499823874384164, 0.11413520503173272, 0.11291872690965732, 0.11130463471839826, 0.11080853797962269, 0.1105740171432495, 0.10866389276494583, 0.10787670136421919, 0.10728886253471176, 0.1067567820541064, 0.10597914858649174, 0.10513035824418068, 0.10477404218594233, 0.1046155004512767, 0.10461326652710637, 0.10304030134141445, 0.10306780300443372, 0.1026188835024337, 0.10272930449758967, 0.10281914841026067, 0.10255389492486915, 0.1012079358138144, 0.10094708053305745, 0.10161409310117364, 0.10124758458331228, 0.09940894295761983, 0.10125481054166953, 0.1008363453186055, 0.10042002397651474, 0.1010072500624756, 0.10311721031606197, 0.10051894395674268, 0.10001140972793102, 0.10102222644219797, 0.10078562334497769, 0.09881841103379925, 0.102963055562675, 0.09891141558955113, 0.09847366735798617], "training_accuracies": [0.8882246074869162, 0.9213723790793027, 0.9293743124770826, 0.9336377879262642, 0.9370295676522551, 0.939096303210107, 0.9403663455448515, 0.9420747358245275, 0.9436214540484683, 0.9450365012167072, 0.9468232274409147, 0.9489316310543685, 0.9497383246108203, 0.9505400180006001, 0.951190039667989, 0.9513650455015167, 0.95193506450215, 0.9527000900030002, 0.9531867728924297, 0.953551785059502, 0.9539217973932465, 0.9546068202273409, 0.9548318277275909, 0.955285176172539, 0.9555151838394613, 0.9554085136171205, 0.9558385279509317, 0.9559301976732558, 0.9564085469515651, 0.9564035467848928, 0.9566185539517984, 0.9567618920630687, 0.9572119070635687, 0.9575935864528817, 0.9571202373412447, 0.957128570952365, 0.9580769358978632, 0.957283576119204, 0.9576935897863262, 0.9579969332311077, 0.9580386012867096, 0.9575469182306077, 0.9577269242308077, 0.958340278009267, 0.9585852861762059, 0.9591019700656689, 0.9596019867328911, 0.9593419780659356, 0.9597586586219541, 0.9604003466782226], "validation_losses": [0.17465598857393824, 0.16669678762348397, 0.146640285716771, 0.13144568717615457, 0.13443114231536218, 0.16755125946082922, 0.1343484401191152, 0.13442363457234494, 0.12672531841090193, 0.12958188499226914, 0.11822357262133273, 0.11662003084059351, 0.11541140307517493, 0.11369308962172917, 0.11559008729087933, 0.1129876426587218, 0.11494676837669666, 0.11057594911396232, 0.10652351915555329, 0.10919090961082074, 0.11847889788559682, 0.11195315169438015, 0.11001865433327421, 0.10469782779911967, 0.10463690389648168, 0.11185066273942912, 0.11625737911509801, 0.10930613142901452, 0.1056741566006621, 0.10767390835071156, 0.10259436311274144, 0.1051014619057075, 0.10958831493730369, 0.11620791171295888, 0.12173077867389177, 0.10800576970822456, 0.10389857793477532, 0.10759690077066297, 0.13069181098689914, 0.09971981619910084, 0.1849721745320834, 0.10614661458759446, 0.1025169911009537, 0.10454093849070048, 0.10681125527063604, 0.10183886424782412, 0.10599462188574732, 0.10594430318365264, 0.09997361957806353, 0.106915232968964], "validation_accuracies": [0.9170766830673227, 0.921943544408443, 0.9305705561555796, 0.938277531101244, 0.93723748949958, 0.9258370334813393, 0.9390242276357721, 0.9397709241703002, 0.9436244116431324, 0.9401709401709402, 0.9431177247089884, 0.9493446404522847, 0.9495579823192928, 0.9507580303212129, 0.951531394589117, 0.9519180767230689, 0.9511447124551649, 0.952384762057149, 0.954024827659773, 0.9546648532607971, 0.9488379535181407, 0.953091456991613, 0.9545848500606691, 0.9553448804618851, 0.9577049748656613, 0.954504846860541, 0.9473312265823967, 0.953464805258877, 0.9561982479299171, 0.9564915929970532, 0.9583450004666854, 0.9558782351294052, 0.9559582383295332, 0.9527981119244769, 0.9484112697841247, 0.954518180727229, 0.9577449764657253, 0.9559449044628452, 0.9478912489832927, 0.9588783551342054, 0.9247169886795472, 0.9568382735309412, 0.9578116457991653, 0.9593983759350374, 0.9572382895315813, 0.9598383935357414, 0.9587983519340774, 0.9587316826006373, 0.9612784511380456, 0.9588250196674534]}