{"training_losses": [0.0030547479675027654, 0.0016923355964961972, 0.0012731766756711512, 0.001057502653406804, 0.0008982421401998153, 0.0007870458815097334, 0.0007019752470732379, 0.0006378477514302797, 0.0005993318311519078], "training_accuracies": [0.9624054135137838, 0.9809976999233307, 0.9857978599286643, 0.9883246108203607, 0.9901430047668256, 0.9913747124904163, 0.9922380746024867, 0.9930197673255775, 0.9934064468815628], "validation_losses": [0.002284126697210264, 0.001808554724793844, 0.0017100213207613191, 0.0015521296796331167, 0.0015775615698338356, 0.0016671813687501424, 0.0015714422882269338, 0.001900849277562059, 0.0017934343381511928], "validation_accuracies": [0.9732655972905583, 0.9795725162339827, 0.9807992319692788, 0.9829993199727989, 0.983772684240703, 0.9829859861061109, 0.983759350374015, 0.9829726522394229, 0.9825726362387829]}