{"training_losses": [0.47588989412682264, 0.3312717512255894, 0.3017461935365488, 0.2842867377651501, 0.2744729224686266, 0.26484287059049105, 0.28551752197073266, 0.25504914294437675, 0.25550273086995917, 0.24989846618508027, 0.2448462161554134, 0.24054903523714394, 0.23907385058268663, 0.23228238396694953, 0.2315448282841195, 0.2334719399923236, 0.2343585842296659, 0.22503275367617753, 0.23952418694199035, 0.22582164217791073, 0.23358087313366666, 0.23141539735174335, 0.22378222811660253, 0.22899212175850217, 0.23158684896733456, 0.21865773179043113, 0.23381309043593065, 0.2408941805279582, 0.26514507853418445, 0.22897678987196604, 0.6757639852415945, 0.22634759636367807, 0.2273941059066936, 0.21889129806162683, 0.23592363960143092, 0.27126467630824774, 0.25778340157797663, 0.28816928032588135, 0.22732793429635229, 0.2233097282024726, 1.0662373128346259, 0.20851053039756917, 15.22609763018705, 0.6623937899075533, 0.6178639226840033, 0.37287225255616824, 0.24573568613627053], "training_accuracies": [0.7234191139704657, 0.8383562785426181, 0.8543668122270742, 0.8619103970132338, 0.8664622154071803, 0.8710740358011934, 0.8751841728057602, 0.876979232641088, 0.8786209540318011, 0.882104403480116, 0.8826194206473549, 0.8842211407046902, 0.8881362712090403, 0.8902313410447015, 0.8923414113803794, 0.8924580819360646, 0.8904663488782959, 0.8940764692156405, 0.8935497849928331, 0.8935231174372479, 0.8946664888829627, 0.8948714957165239, 0.8965248841628054, 0.8974865828860962, 0.8958748624954165, 0.898133271109037, 0.8996166538884629, 0.8989782992766425, 0.8984382812760425, 0.8985982866095537, 0.8851378379279309, 0.9019283976132538, 0.8963515450515017, 0.8996949898329945, 0.8966115537184572, 0.8975599186639555, 0.8997449914997167, 0.9010017000566686, 0.9001500050001666, 0.9018700623354112, 0.9018667288909631, 0.9067718923964132, 0.8973532451081703, 0.8843944798159938, 0.890311343711457, 0.885317843928131, 0.887411247041568], "validation_losses": [0.36903624686386527, 0.3023959252808472, 0.3019895158814862, 0.2857886059431502, 0.27860428620458405, 0.26280287394295154, 0.2418649583283399, 0.24714904875147772, 0.24172136735346403, 0.2504857082694068, 0.25408967819593165, 0.25032247067139257, 0.2267644285608105, 0.21992852453243483, 0.27205627467755245, 0.334891467520134, 0.22610472947375693, 0.21456052823596633, 0.22470950045468788, 0.2364243281535512, 0.23929075913109282, 0.27030619368295483, 0.21392698598655435, 0.2156818427867953, 0.21172297095489812, 0.24767507180741535, 0.2473183103152497, 0.22272749094395736, 0.23297627686928576, 0.2187186360610661, 0.27722409951912774, 0.6344477404236629, 0.2221742018802247, 0.2092761064931278, 0.2906407615839293, 0.2256993781886061, 0.20339393874844622, 0.20573030236035347, 0.20581653343630132, 0.21653608998670998, 0.2139422656970215, 0.2590807453698304, 0.25934925935354286, 0.25811853625683784, 1.0128475764609692, 0.2759205449314425, 0.22599317525638113], "validation_accuracies": [0.8234196034508047, 0.8528607810979106, 0.8583276664399909, 0.859407709641719, 0.8645279144499113, 0.8510340413616545, 0.8775284344707122, 0.8852354094163767, 0.8803018787418163, 0.8831153246129845, 0.87427497099884, 0.8850087336826806, 0.8930223875621691, 0.8928623811619132, 0.8930757230289211, 0.8923823619611451, 0.8874888328866488, 0.8988092857047615, 0.8937557502300092, 0.891208981692601, 0.8954224835660093, 0.874168300065336, 0.9003293465071937, 0.8962358494339774, 0.8980492553035455, 0.9015293945091137, 0.8967558702348094, 0.8991559662386496, 0.8925023667613371, 0.9013560542421697, 0.8939157566302652, 0.8996226515727296, 0.8950891368988093, 0.9042895049135299, 0.8859687720842166, 0.9012760510420417, 0.906582929983866, 0.9089030227875782, 0.9087296825206341, 0.9009427043748417, 0.905062869181434, 0.9057428963825219, 0.8755016867341361, 0.8685014067229356, 0.8922623571609531, 0.8608611011107111, 0.8844887128818486]}