{"training_losses": [0.00875020381710824, 0.00806341615406079, 0.007839395891255492, 0.0074990183074522656, 0.007631451424080005, 0.0075480423368993665, 0.007385867254714727, 0.007355785862968907, 0.007373704995520771], "training_accuracies": [0.640244674822494, 0.6616170539017967, 0.6646054868495617, 0.6797093236441215, 0.6708523617453915, 0.680282676089203, 0.6783859461982066, 0.6803643454781826, 0.6811727057568585], "validation_losses": [0.00678350156570515, 0.0062467584880386675, 0.006033327773674149, 0.005281968580183049, 0.005526662526107135, 0.005809778672047519, 0.005556854060836694, 0.005381770367520455, 0.005444920043884942], "validation_accuracies": [0.8132858647679241, 0.8306198914623252, 0.8359934397375895, 0.8648479272504234, 0.8507673640278944, 0.8504873528274465, 0.8508873688280865, 0.860527754443511, 0.8576876408389669]}