{"training_losses": [0.0019280257917825873, 0.0009333306765275545, 0.0006795518738928702, 0.0005264788793114585, 0.00042989619570240733, 0.00036125440631600605, 0.000304225263327962, 0.0005608609366455496, 0.00023383779870627194, 0.00022647732900469425], "training_accuracies": [0.9523867462248742, 0.9792109736991234, 0.9853678455948531, 0.9887029567652255, 0.9910197006566885, 0.9927097569918998, 0.9936431214373812, 0.9938964632154406, 0.9954415147171572, 0.9958431947731591], "validation_losses": [0.00103590144851099, 0.0009366957915865303, 0.0007357663714404792, 0.0007191649656076082, 0.0006996682336097404, 0.0007699752082645107, 0.0007537875074633726, 0.0007309421088525625, 0.0014009454205028689, 0.0008167512254433936], "validation_accuracies": [0.9760523754283504, 0.9798258597010547, 0.984972732242623, 0.9851194047761911, 0.985812765843967, 0.984772724242303, 0.9870394815792631, 0.9877995119804792, 0.984732722642239, 0.9871994879795192]}