{"training_losses": [0.4508925771943728, 0.3764361929810047, 0.3476462327428659, 0.3413227114130991, 0.3276935986485084, 0.32390347691524773, 0.3099922354038556, 0.30276746875160376, 0.30273768480894464, 0.29964110655107845, 0.2969435958663871, 0.2891646145078307, 0.2906785259788111, 0.29210084075253456, 0.2886226295278097, 0.2818681192165675, 0.28459668013532957, 0.27862104616302996, 0.2770959719075511, 0.2815977859386305, 0.27708822622884066, 0.27839647520828836, 0.27060867109777403, 0.2720885801479717, 0.27551460330563676, 0.2718249260460896, 0.2707428234445614, 0.2673030074642878, 0.26829600642474366, 0.2669551920805002, 0.2696423977325608, 0.26680478071492164, 0.26329132238149644, 0.2645362899284003, 0.2640154174438864, 0.2671623553981756, 0.26306652422798216, 0.267174619236435, 0.2661388384876586, 0.26214529397527375, 0.2604946961840987, 0.262047318158724, 0.2576449362083462, 0.2578956047044943, 0.26506273383005213, 0.2667356574954061, 0.260608908614583, 0.25704765718906186, 0.25650886570124576, 0.26308186123084276, 0.2578519731494474, 0.25927887840296454, 0.25939086997045824, 0.2607327130569518, 0.25627193519447, 0.26010984514296054, 0.25658991764305783, 0.25990761533088824, 0.254522121085419, 0.2572218349944862, 0.2602652647695721, 0.2544259311334354, 0.2601295505127528, 0.2527335429109695, 0.2531059447158221, 0.2540227709907976, 0.2524073673794543, 0.25822577700583266, 0.25458080705357095, 0.25860984503733575, 0.25565638173008337, 0.2530770109675064, 0.25650117457985877, 0.2558146255668447, 0.2556774239374697, 0.24981918028358524, 0.25714275333299613, 0.2514370247225774, 0.25462491453147806, 0.256854688731917], "training_accuracies": [0.7647788259608653, 0.8076585886196207, 0.8238624620820694, 0.8271242374745825, 0.836309543651455, 0.8408513617120571, 0.8488366278875963, 0.8541101370045668, 0.8547918263942131, 0.8568852295076502, 0.8591003033434448, 0.8633471115703857, 0.8629620987366245, 0.8630204340144672, 0.8644438147938265, 0.8686306210207007, 0.8670672355745191, 0.8697739924664155, 0.8705606853561786, 0.8683772792426414, 0.8709806993566452, 0.8709723657455248, 0.8748624954165138, 0.8742241408046935, 0.8725090836361212, 0.8743191439714657, 0.8745524850828361, 0.8762492083069435, 0.8764842161405381, 0.8767292243074769, 0.8758075269175639, 0.8773409113637122, 0.879025967532251, 0.8782426080869362, 0.8781492716423881, 0.8773792459748658, 0.8791243041434714, 0.8774075802526751, 0.8775892529750992, 0.8797626587552918, 0.8803543451448381, 0.8795076502550085, 0.8817193906463549, 0.8816593886462882, 0.8783592786426214, 0.8778359278642621, 0.8812027067568919, 0.8828077602586752, 0.882779425980866, 0.8791909730324344, 0.8821410713690456, 0.8812693756458548, 0.8810643688122938, 0.8812343744791493, 0.8830011000366679, 0.8810810360345345, 0.8830961032034401, 0.8805593519783993, 0.884554485149505, 0.8818627287576253, 0.8808043601453381, 0.8843711457048569, 0.8811377045901531, 0.8844178139271309, 0.8844194806493549, 0.8842311410380346, 0.8853161772059068, 0.8820077335911197, 0.8836727890929698, 0.8819343978132604, 0.8827760925364179, 0.8846144871495717, 0.8831294376479216, 0.8831444381479383, 0.8829410980366013, 0.8862745424847495, 0.8825094169805661, 0.8854745158171939, 0.883971132371079, 0.8823644121470716], "validation_losses": [0.394380070079748, 0.3722288268554894, 0.3501148743270657, 0.3314852117760478, 0.3278830316611368, 0.3302752900577739, 0.30681903537547384, 0.2998421351416036, 0.30495329804545573, 0.3274503786727726, 0.30969491898155294, 0.2928255491264859, 0.29120571348914964, 0.27755941580167554, 0.28138971981240624, 0.29099217114641873, 0.2870168013806985, 0.28333737673755993, 0.2792454354053624, 0.29548670272393585, 0.27263117450058194, 0.2673354070584589, 0.2719708789425464, 0.268226047441717, 0.286688510046824, 0.2762002967412449, 0.2686555323535103, 0.27863305428350515, 0.26448586089383624, 0.27343171630188, 0.31685638502537317, 0.26755587247249085, 0.2645723746845117, 0.2638926269353033, 0.26513672898213664, 0.26809559022939616, 0.26223376885219185, 0.26077505285745445, 0.27256758587500274, 0.27501038231042657, 0.26299561765384144, 0.2675149285841933, 0.27435304810453653, 0.3004636463199765, 0.2591946650247334, 0.259704610566474, 0.26362123792614434, 0.2606059014969174, 0.2691269614742005, 0.2555787482345698, 0.2645702678054017, 0.260875687492109, 0.25708062864042136, 0.25368267565554115, 0.26815060289045395, 0.26596668130756956, 0.2564557029416308, 0.25296699235598363, 0.265313286701505, 0.2720963239997605, 0.2521000033157402, 0.25746821556910626, 0.25939123590008445, 0.255317026822449, 0.25416933029360067, 0.2560216517079866, 0.25138096192357623, 0.2591468973605367, 0.25896514826967026, 0.24995087381048203, 0.2564383800050781, 0.2533002603561605, 0.2550908419838119, 0.25036548193473157, 0.25155241963076586, 0.2513027725140787, 0.25001044162159847, 0.258222031852653, 0.2769028338857979, 0.25899700045368884], "validation_accuracies": [0.7999519980799232, 0.8158726349053962, 0.8241262983852687, 0.8343400402682773, 0.842873714948598, 0.8301798738616212, 0.8534474712321827, 0.8579143165726629, 0.8564475912369828, 0.8506873608277664, 0.8583943357734309, 0.8633278664479912, 0.8643679080496554, 0.8717282024614318, 0.8702748109924398, 0.8552342093683747, 0.8615277944451112, 0.8689414243236396, 0.8685814099230635, 0.8680613891222315, 0.8738349533981359, 0.8762083816686, 0.8709015027267757, 0.873701614731256, 0.8743549741989679, 0.8766483992693042, 0.8739816259317039, 0.8621678200461351, 0.8768084056695601, 0.8718482072616238, 0.8644745789831594, 0.8801018707414964, 0.8794218435404083, 0.8798485272744243, 0.8781284584716722, 0.8785284744723122, 0.8819952798111924, 0.8796351854074163, 0.8811285784764724, 0.8790084936730802, 0.8804352174086963, 0.8789951598063922, 0.875528354467512, 0.844207101617398, 0.8829019827459765, 0.8796618531407923, 0.8785684760723762, 0.8836620131471925, 0.8840086936810806, 0.8804085496753203, 0.8829019827459765, 0.8806085576756404, 0.8819952798111924, 0.8819286104777524, 0.8809685720762164, 0.8839286904809526, 0.8839953598143926, 0.8813819219435444, 0.8777017747376562, 0.8817686040774965, 0.8861687800845367, 0.8865021267517368, 0.8823686280784565, 0.8829419843460405, 0.8849420643492406, 0.8864487912849848, 0.8872488232862648, 0.8842220355480885, 0.8840353614144566, 0.8881421923543609, 0.8854620851500726, 0.8856887608837687, 0.8794751790071603, 0.8866087976852407, 0.8869954798191928, 0.8839686920810166, 0.8842887048815286, 0.8842087016814006, 0.8684214035228076, 0.8786618131391922]}