{"training_losses": [0.006108709627950625, 0.004847091265708863, 0.0038757820101165165, 0.00395877642963139, 0.004223572293291024, 0.0037557432005778956, 0.003399384193963322, 0.003698922239338171, 0.003966196913352502, 0.003817572417706965, 0.003754478135827942, 0.00379569470030854, 0.0033308664842016016, 0.003449486265155259], "training_accuracies": [0.8044251475049168, 0.847841594719824, 0.8782242741424714, 0.8760175339177972, 0.870120670689023, 0.8842944764825494, 0.8951015033834461, 0.8876629220974033, 0.8810110337011233, 0.8855078502616754, 0.8871795726524218, 0.8872829094303143, 0.9005516850561686, 0.8983049434981166], "validation_losses": [0.004950587831035538, 0.004674522475927682, 0.004376304087343307, 0.0036473504052532304, 0.00384316491790863, 0.0038922177590036346, 0.003784901373315295, 0.003375013482463056, 0.003307377703053327, 0.004144966569263523, 0.00340020179153182, 0.0033806815124166572, 0.0035666417564571263, 0.0033280814447595925], "validation_accuracies": [0.8456871608197661, 0.8541808339000226, 0.8660479752523434, 0.8852354094163767, 0.8788884888728883, 0.8833286664799925, 0.8819419443444404, 0.8991292985052736, 0.8989026227715775, 0.8727415763297198, 0.8947824579649852, 0.8960491753003453, 0.8966225315679294, 0.9019427443764417]}