{"training_losses": [0.3202777375380198, 0.24750058965444566, 0.22722049842913947, 0.21442728448987008, 0.2063986321747303, 0.19757940135002136, 0.1914888920736313, 0.18805511705676714, 0.1854613959876696, 0.181851150004069, 0.17787296551823617, 0.183548753225406, 0.17581238354206086, 0.17387711789985497, 0.17888070227662722, 0.1706002741531531, 0.16819912245074908, 0.16926911146799722, 0.16402029680987198, 0.16159187799473604, 0.1655084532948335, 0.15808545388599238, 0.1555884598728021, 0.1627304523064693, 0.14883873394032318, 0.14869034447630247, 0.23024105988184612, 0.15873276776880027, 0.15293856106102466, 0.14897200816790263, 0.1545474598465363, 0.14408241687337559, 0.1418683789463838, 0.14185521872520446, 0.1400332578976949, 0.17778436732550462, 0.13869234457095464, 0.20733881555140019, 0.13373042010366917, 0.13819625797728696, 0.13343398386240005, 26.968578468920587, 0.13192549097349246, 0.1406233254579703, 0.1355755215242505, 0.14388410070399443, 0.4054434808781743, 0.14001598179419836, 0.17384243464867274, 0.13638611260811487, 0.18314434023509424, 0.14185352372646332, 0.13065167947540682], "training_accuracies": [0.8429697656588553, 0.8817243908130271, 0.8924130804360145, 0.8983599453315111, 0.9035234507816927, 0.9062385412847095, 0.9088469615653855, 0.9108736957898597, 0.9119037301243375, 0.9138821294043135, 0.9152121737391247, 0.9148404946831561, 0.9150238341278043, 0.9161305376845895, 0.9178672622420747, 0.9184672822427414, 0.9186239541318044, 0.9186056201873396, 0.9198723290776359, 0.9205590186339545, 0.9206956898563285, 0.923224107470249, 0.9289226307543584, 0.9331894396479883, 0.9366595553185106, 0.937679589319644, 0.9353061768725625, 0.9342361412047068, 0.9368178939297976, 0.937611253708457, 0.93992799759992, 0.9409330311010367, 0.9410063668788959, 0.9414413813793793, 0.9420747358245275, 0.942446414880496, 0.942941431381046, 0.9436764558818628, 0.9446381546051535, 0.9442631421047368, 0.945234841161372, 0.943233107770259, 0.9457398579952665, 0.9442498083269443, 0.9451115037167905, 0.9459481982732758, 0.9457848594953165, 0.9443698123270776, 0.9432464415480516, 0.943254775159172, 0.9441648054935164, 0.9464282142738091, 0.9469265642188073], "validation_losses": [0.25628048551560767, 0.23395847441495154, 0.22115374406882365, 0.2128927379771779, 0.2116575046598028, 0.20297469695124565, 0.1905999038059701, 0.19242961479273762, 0.17918312054048352, 0.18202097413642776, 0.1875675068945987, 0.17996610846511724, 0.18388497844969054, 0.17479097601396104, 0.17800766014210856, 0.17948933775132686, 0.1821308693363154, 0.17921887286712807, 0.16298430239639605, 0.16741391230140892, 0.167311995700487, 0.15894609018759753, 0.15498386272716544, 0.15705803778025157, 0.14772160186746436, 0.1500868304991625, 0.18788918425514345, 0.15645821999866513, 0.15214642416904287, 0.21551035025293766, 0.14515284724791705, 0.15367824908991617, 0.15122612609193573, 0.15327217329137557, 0.1456083209788361, 0.13723017078757652, 0.21891513939215643, 0.13937144305754537, 0.1373257448884221, 0.1339844253157311, 0.1533163402064201, 0.15016365274529375, 0.13351901395808238, 0.14522615742609937, 0.13413432676592638, 0.14098861120590483, 0.15382774906140848, 0.15163322655695974, 0.1402766790356093, 0.15530661497557632, 0.1412547077801061, 0.13658391767656083, 0.13678758012624279], "validation_accuracies": [0.874794991799672, 0.8862621171513527, 0.8976759070362814, 0.9008627011747137, 0.9008226995746497, 0.9001960078403136, 0.9104497513233862, 0.9090763630545222, 0.9160099737322827, 0.9165833299998667, 0.9113031187914183, 0.9151699401309386, 0.9150099337306825, 0.9176500393349067, 0.8993293065055935, 0.9180900569356107, 0.9200768030721229, 0.9150766030641225, 0.9244636452124751, 0.9197834580049868, 0.9225169006760271, 0.9258903689480913, 0.9284904729522514, 0.9338773550942038, 0.9397175887035482, 0.938250863367868, 0.9242903049455311, 0.9334106697601238, 0.9399042628371802, 0.9414776591063643, 0.9431043908423004, 0.938824219635452, 0.9411176447057882, 0.9420243476405723, 0.9412509833726682, 0.9459445044468445, 0.9440377615104604, 0.9454378175127005, 0.9445444484446045, 0.9465978639145566, 0.9455044868461405, 0.9436644132431964, 0.9476512393829086, 0.9463311865807965, 0.9475845700494686, 0.9443177727109084, 0.9394375775031001, 0.9405709561715802, 0.9442111017774044, 0.9287438164193235, 0.9439177567102685, 0.9477712441831007, 0.9465311945811166]}