{"training_losses": [0.002224208991343445, 0.001237518059873219, 0.0010115471973338546, 0.0008973566297509834, 0.00082108122513433, 0.0007681590590997518, 0.0007372802346031577, 0.0007128620655382735, 0.0006894100439267035, 0.0006657928112913731, 0.0006543092430179015, 0.0006407977901234849, 0.0006373163041301863, 0.0006135040090029235, 0.00061029976834159, 0.00058988232127699, 0.0005932488684847177, 0.0005832392672385232, 0.0005763106692971786], "training_accuracies": [0.9430631021034035, 0.9706656888562952, 0.9767058901963399, 0.9793743124770826, 0.981406046868229, 0.982687756258542, 0.9833094436481216, 0.9842044734824494, 0.9848494949831661, 0.9853028434281143, 0.9854178472615753, 0.9859278642621421, 0.9860578685956198, 0.9866295543184773, 0.9867828927630921, 0.9871495716523884, 0.9869028967632254, 0.9873579119303977, 0.9874945831527717], "validation_losses": [0.001364212365841146, 0.001257412961630285, 0.00124241791518542, 0.0008890184962752621, 0.0009683833549443894, 0.0007512199973857111, 0.000808396601833795, 0.0007355970073608339, 0.0007801882203390456, 0.0008036528673608103, 0.0007955166153475146, 0.0006926646161362535, 0.0007458787991623319, 0.0006833297025941625, 0.0006960016482872953, 0.0007416976018176801, 0.0007613940307727227, 0.0007825069610123967, 0.0007084370976717439], "validation_accuracies": [0.9669186767470699, 0.96965211941811, 0.9736389455578223, 0.9805725562355827, 0.9793191727669107, 0.983359334373375, 0.9822792911716469, 0.984292705041535, 0.983719348773951, 0.983719348773951, 0.9834660053068789, 0.9855727562435831, 0.984226035708095, 0.985812765843967, 0.985372748243263, 0.985279411176447, 0.9851460725095671, 0.984172700241343, 0.9859461045108471]}