{"training_losses": [0.3866659971331184, 0.3027530107858203, 0.27892538092763786, 0.26339652272882563, 0.25531856822734067, 0.2450214974089355, 0.2396953304561693, 0.23432166974818178, 0.23056044734843908, 0.22660960032027408, 0.22443687277858845, 0.22038739671382704, 0.21927881482121783, 0.21722501609595385, 0.21607030484507558, 0.21341913148099168, 0.21118391393266464, 0.21012915730351583, 0.21079961338920908, 0.20756058420841272, 0.2073888088861135, 0.20383133424597655, 0.20553616714970616, 0.2055903106342604, 0.2030104046201605, 0.20247612713945914, 0.20060896855115465, 0.20234454694293091, 0.200371232572572, 0.19990873275469076, 0.19983768566262713, 0.20002539013259446, 0.19808554709885812, 0.19750665156795624, 0.19709885097376342, 0.1964088187666997, 0.19788093829349546, 0.19674436682668298, 0.19550191050674923, 0.19503097933676827, 0.19451995804178898, 0.19527559839639663], "training_accuracies": [0.8049318310610354, 0.851011700390013, 0.8639554651821727, 0.8740891363045434, 0.8798759958665289, 0.886286209540318, 0.8902380079335978, 0.892603086769559, 0.895074835827861, 0.8975882529417647, 0.898944964832161, 0.9012233741124704, 0.9017633921130704, 0.9028900963365446, 0.9032984432814427, 0.9042684756158539, 0.9058051935064502, 0.9065085502850095, 0.9056035201173372, 0.9078835961198707, 0.9079735991199707, 0.9096853228440948, 0.9092803093436448, 0.9094453148438282, 0.9098236607886929, 0.9106270209006967, 0.9110370345678189, 0.9106403546784892, 0.9110870362345411, 0.9114687156238541, 0.9119353978465949, 0.9114903830127671, 0.9129487649588319, 0.912925430847695, 0.9130804360145338, 0.9135921197373246, 0.9127187572919098, 0.9131137704590153, 0.913647121570719, 0.914052135071169, 0.9144921497383246, 0.9139854661822061], "validation_losses": [0.32629985551971924, 0.3000058992981943, 0.26952198257682664, 0.25632907402868516, 0.24982307274583412, 0.23605334675172, 0.23536774987194226, 0.22473153302311127, 0.22859495101529761, 0.22670537555509837, 0.21783771812609662, 0.229952783646966, 0.21683136988066998, 0.21285327213905497, 0.2125554804805633, 0.21013154534441283, 0.21724564813398592, 0.21412295116313595, 0.2092154831411065, 0.20271646089481343, 0.20358874961037574, 0.2194865697627308, 0.2100399205622812, 0.20462683052250855, 0.2058319371367167, 0.20459241436156556, 0.21196744226720782, 0.1959798120617463, 0.20642131279348702, 0.20753005110331163, 0.22771359331444016, 0.19147739773972045, 0.20609802303684827, 0.19228700257543724, 0.19784394913255493, 0.23772783566794545, 0.194052095185447, 0.19966815378913183, 0.20083921555559697, 0.19357169633167626, 0.19427718321898174, 0.1994250167111256], "validation_accuracies": [0.8263530541221649, 0.8640212275157673, 0.8729282504633519, 0.8826753070122805, 0.8831419923463605, 0.8941157646305852, 0.8947291224982332, 0.9005560222408896, 0.8930757230289211, 0.889395575823033, 0.8977292425030334, 0.8996893209061696, 0.9017427363761217, 0.9057562302492099, 0.9006893609077696, 0.9044361774470979, 0.9023427603770817, 0.9072096217182021, 0.906942944384442, 0.9109031027907784, 0.9098497273224262, 0.8992226355720896, 0.9100097337226822, 0.9058228995826499, 0.9108097657239623, 0.9117698041254984, 0.9123298265263944, 0.9109164366574662, 0.9091430323879622, 0.905969572116218, 0.9093563742549702, 0.9157832979985866, 0.9123564942597704, 0.9141432323959625, 0.9144099097297225, 0.8980492553035455, 0.9142632371961545, 0.9128631811939144, 0.9114364574582984, 0.9160366414656587, 0.9123298265263944, 0.9095563822552902]}