{"training_losses": [0.3948553291495641, 0.3501923492066065, 0.3354102505890528, 0.3270648956553141, 0.3196242455625534, 0.31473192209084827, 0.31174516901334126, 0.30822542316913604, 0.3053368384114901, 0.30367982180992764, 0.3010476755364736, 0.29936547967910765, 0.29714413462956746, 0.2960282747570674, 0.29441519022623697, 0.29281996879339217, 0.29164181354602176, 0.2912290160560608, 0.289296537797451, 0.2888001453558604, 0.28819394996404646, 0.28729486910820007, 0.28669533733447394, 0.2855879642923673, 0.28535790213108064, 0.2851801155742009, 0.28453849679549537, 0.28421099373817443, 0.2834445723716418, 0.28232886616547903, 0.2823523879559835, 0.2818260395916303, 0.28217173739512763, 0.280419730527401, 0.27982775344689687, 0.28026147703409193, 0.2805477187124888, 0.2805898079315821, 0.2801950313973427, 0.2792557365012169, 0.2795382994858424, 0.27816432076851527, 0.27843207800388337, 0.2784998226094246, 0.2780705110279719, 0.2777043158872922, 0.2770653880548477, 0.2769326639763514, 0.2781514665222168], "training_accuracies": [0.8022350745024834, 0.8294843161438714, 0.837162905430181, 0.8404046801560052, 0.8440498016600554, 0.8465865528850962, 0.8476999233307777, 0.8489482982766092, 0.850471682389413, 0.8519183972799094, 0.853171772392413, 0.8540534684489482, 0.8557685256175206, 0.8565835527850928, 0.8577685922864096, 0.8587036234541151, 0.8591236374545819, 0.8589852995099837, 0.8607786926230875, 0.8602586752891763, 0.8616587219573986, 0.862207073569119, 0.8620404013467116, 0.8626604220140671, 0.8631904396813227, 0.8629787659588652, 0.8634737824594153, 0.8637787926264209, 0.864253808460282, 0.8652405080169339, 0.8648238274609154, 0.8655538517950598, 0.8646121537384579, 0.8656805226840895, 0.8659155305176839, 0.8658021934064469, 0.8658205273509118, 0.8662438747958265, 0.8662722090736358, 0.8672689089636321, 0.8665638854628488, 0.866660555351845, 0.8671289042968099, 0.8669622320744025, 0.8669888996299877, 0.8676972565752191, 0.8677455915197173, 0.8676289209640321, 0.8670689022967433], "validation_losses": [0.36151166657416384, 0.3390521748903777, 0.3335903382239437, 0.31874057647093107, 0.321249626669793, 0.3149966366293013, 0.3074023215899107, 0.30841529707385196, 0.2991987141110049, 0.2971092237155396, 0.30054940257161206, 0.29530389097531556, 0.2905300572946093, 0.2922626637460701, 0.2932383109491669, 0.2889481949578001, 0.2894024509139167, 0.29126927809086417, 0.28732362140226114, 0.2910372948051291, 0.28393441209455744, 0.28677556155589196, 0.29111208673035005, 0.28405520012289526, 0.28312164194176326, 0.28551835109626994, 0.27982960771066084, 0.28638523198962157, 0.2820262735778384, 0.27922891525587845, 0.2833010600917694, 0.28344378380160745, 0.2783320658281657, 0.27832454230103126, 0.2808875103784578, 0.2755531454415018, 0.27850385614365825, 0.2805511872068456, 0.2738505973917532, 0.27773765099957043, 0.2761028824449951, 0.27483700626032415, 0.2739158943470488, 0.27874661193977257, 0.2791631063526966, 0.276799432585474, 0.27832823762899717, 0.2747995861517909, 0.27665359133866413], "validation_accuracies": [0.8233929357174287, 0.8362867848047255, 0.8417936717468699, 0.8427003746816539, 0.8460205074869661, 0.8467805378881822, 0.8519674120298145, 0.8507806978945824, 0.8556608931023908, 0.8550475352347428, 0.8550475352347428, 0.858087656839607, 0.8607544301772071, 0.8577143085723429, 0.859194367774711, 0.859101030707895, 0.8627011747136553, 0.8615411283117992, 0.859914396575863, 0.8619144765790632, 0.8661546461858475, 0.8636212115151273, 0.860501086710135, 0.8647812579169833, 0.8655812899182634, 0.8644079096497194, 0.8647145885835433, 0.8645145805832233, 0.8657412963185194, 0.8668213395202474, 0.8641945677827113, 0.8662346493859754, 0.8693547741909676, 0.8683547341893676, 0.8644345773830954, 0.8689147565902636, 0.8670346813872555, 0.8675547021880875, 0.8703681480592557, 0.8675813699214635, 0.8681680600557355, 0.8696081176580397, 0.8701681400589357, 0.8664879928530475, 0.8645012467165353, 0.8701281384588717, 0.8658079656519594, 0.8701014707254957, 0.8691414323239596]}