{"training_losses": [0.4383340622408191, 0.3510608218621358, 0.3107248574998788, 0.28506384722962974, 0.28622972174028033, 0.29475548277568886, 0.2495389353799564, 0.27483751224979297, 0.25280886707772354, 0.2622509970698364, 0.23563198208513203, 0.24189871809249122, 0.2524039844154846, 0.23508211538525764, 0.22686430371507402, 0.29431261812561427, 0.23045168384145287, 0.28483456113047956, 0.24614360830851664, 0.2755924465838191, 0.37126973849527967, 0.6319049374709402, 0.4162026658807198, 0.3253051367323349, 0.2640056085766107], "training_accuracies": [0.7776659221974066, 0.8318210607020234, 0.8495783192773092, 0.8628220940698024, 0.8602403413447115, 0.8536984566152205, 0.8816127204240142, 0.8638271275709191, 0.8761775392513084, 0.8718007266908897, 0.8888196273209107, 0.8827627587586253, 0.8765392179739324, 0.8927097569918997, 0.8915980532684423, 0.8658188606286876, 0.8918980632687756, 0.87972099069969, 0.8809543651455048, 0.8760742024734158, 0.8761342044734824, 0.5532434414480483, 0.7760625354178473, 0.8756175205840194, 0.8792543084769492], "validation_losses": [0.4151898174402349, 0.3458718715000927, 0.32076014786722684, 0.3285909441415913, 0.2983971527324761, 0.29760318887650994, 0.285869715655206, 0.2746605666061773, 0.28581597396865704, 0.2636146816138204, 0.2901133334369515, 0.2896152386430744, 0.2654513609523324, 0.26018144257934916, 0.2687745191180827, 0.2552106582196748, 0.2499711544101042, 0.35592580311667, 0.2587766357908622, 0.24606501250917917, 0.2780391388333105, 0.6786126453858979, 0.2803118371672927, 0.3300643873121814, 0.25586779640559415], "validation_accuracies": [0.7984452711441791, 0.8340600290678294, 0.843633745349814, 0.8187794178433804, 0.8553542141685667, 0.8581543261730469, 0.8610877768444071, 0.8665013267197355, 0.8565275944371108, 0.8690480952571437, 0.8641945677827113, 0.8613811219115431, 0.8677413763217195, 0.8730482552635439, 0.8744483112657839, 0.875181673933624, 0.8795151806072243, 0.8540474952331426, 0.8788218195394483, 0.8730882568636079, 0.8725682360627759, 0.4671920210141739, 0.87580836566796, 0.8383001986746137, 0.8813685880768564]}