{"training_losses": [0.43333817160740795, 0.34445348256533403, 0.3141393392893086, 0.2977554087918675, 0.2835166624031502, 0.27858853587114574, 0.26944894259639507, 0.2646065744519627, 0.2623165426894669, 0.254748690387224, 0.25213387190271325, 0.2511151481759457, 0.24691761598546835, 0.24463848974532548, 0.24821154563773482, 0.24047955707517968, 0.2385359249812004, 0.24688816852597126, 0.24576600606778412, 0.24379673878468816, 0.2390314676243235, 0.23257503202818713, 0.2390907388272803, 0.23196999181172598, 0.2444410598676437, 0.23096090660563104, 0.22848227078992525, 0.2305570241427219, 0.22941433457001878, 0.24384177696799264, 0.2509219935367487, 0.2482650909615843, 0.22986370432333564, 0.23101976360877055, 0.27260998296190864, 0.32049146063882855, 0.22588014023235312, 0.23550664317568773, 0.5481786462396399, 0.22799348106559678, 0.22383479958186897, 0.2568104518727782, 0.23723907874097835], "training_accuracies": [0.7843461448714957, 0.8366528884296143, 0.8512433747791593, 0.8589536317877262, 0.8640238007933598, 0.8662822094069802, 0.8695306510217007, 0.8728357611920398, 0.8749258308610287, 0.8785092836427881, 0.8792243074769159, 0.8796243208106936, 0.8820377345911531, 0.8835594519817327, 0.8840494683156105, 0.8871345711523717, 0.8864528817627254, 0.887432914430481, 0.886647888262942, 0.8874362478749291, 0.8902980099336645, 0.8901646721557386, 0.8874212473749125, 0.8909430314343811, 0.8889446314877163, 0.8916497216573885, 0.8921714057135238, 0.8926214207140238, 0.8938097936597886, 0.8933997799926664, 0.8914397146571552, 0.8914763825460849, 0.8940064668822294, 0.8954465148838294, 0.8923514117137238, 0.8888362945431514, 0.8954448481616054, 0.8950015000500017, 0.8964382146071536, 0.8957398579952666, 0.8959848661622054, 0.8991933064435481, 0.8990366345544851], "validation_losses": [0.4529781867370004, 0.3172853841367036, 0.3084419959964638, 0.2903264710318088, 0.2739332677100954, 0.27209304050597255, 0.2670594143833058, 0.2620922317911513, 0.2710362851777708, 0.24257166794998306, 0.25181408883879863, 0.2528302592896387, 0.2490091013030177, 0.2387247661238643, 0.24052427622221378, 0.2288059071407254, 0.23100918518471558, 0.35636284401124074, 0.2326860884122523, 0.2448102287513251, 0.23044104967941192, 0.2382676515164855, 0.22378267917434683, 0.22928195399951734, 0.2288888676839391, 0.24080023657740676, 0.22434372470743677, 0.23249624022508691, 0.22860275090549237, 2.6386305821935605, 0.237395565946655, 0.24208350675458443, 0.2146715856974341, 0.23930454450718844, 0.22167651324780394, 0.26062756167610496, 0.23530334611836257, 0.22729972354149758, 0.21652814023496558, 0.22752969674148635, 0.23333997431285547, 5.2472926351834905, 0.21900295416561377], "validation_accuracies": [0.7562435830766564, 0.8529941197647906, 0.8568742749709989, 0.8607010947104551, 0.8720082136618799, 0.8550342013680547, 0.8778217795378482, 0.8662346493859754, 0.8718082056615598, 0.874781657932984, 0.8668213395202474, 0.8625145005800232, 0.8873821619531448, 0.8868621411523128, 0.8924223635612091, 0.8929290504953531, 0.8863554542181687, 0.8845953838153526, 0.891902342760377, 0.8837153486139445, 0.8938757550302012, 0.8848487272824246, 0.8949824659653053, 0.8936357454298172, 0.8854354174166966, 0.8917156686267451, 0.8986626131711936, 0.8965025267677373, 0.8926890408949691, 0.8937424163633212, 0.8939290904969532, 0.8921423523607611, 0.8996493193061056, 0.8967158686347454, 0.8984759390375615, 0.8857554302172087, 0.890248943291065, 0.8948091256983612, 0.9041161646465858, 0.9025827699774658, 0.8781951278051122, 0.8911289784924731, 0.9015960638425538]}