{"training_losses": [0.4640406223710378, 0.4348324609692891, 0.42623215703487394, 0.42287721504370374, 0.4179800073432922, 0.41567022298494977, 0.4133719840574265, 0.41145886772791546, 0.411176661195755, 0.4103022944164276, 0.4092617545890808, 0.4083475688648224, 0.40851450383822124, 0.40734544680277507, 0.4065773638121287, 0.40589857404549917, 0.40521212415536245, 0.40576820440133415, 0.4044032504081726, 0.4043930160458883, 0.40514539710521696, 0.4045113812351227, 0.4027542253907522, 0.4025410665591558, 0.40228721686045327, 0.4026131896909078, 0.401716407678922, 0.4023759962463379, 0.4027022554127375, 0.40189065210660296, 0.40143121432622275, 0.4021072638575236, 0.4008091787147522, 0.40094715104579925, 0.40095577286402384, 0.4002008207384745, 0.4009866685263316, 0.39975869634151456, 0.39985710433801014, 0.40032746394634244, 0.3993285326194763, 0.39891791903972623, 0.39908975001335145, 0.39996640906016034, 0.3993714165798823, 0.3990434451929728, 0.3987231126976013, 0.39858869429270427, 0.39861352904001873, 0.39986348743279776, 0.39839669634342195, 0.39816271331151326, 0.3981159079360962, 0.3983947670110067, 0.3986187957541148, 0.3987412823168437, 0.3979995244661967, 0.3985615467755, 0.3976935915549596, 0.39777428271770476, 0.39803372771898904, 0.39744885694821674, 0.398425698483785, 0.39770747288386027, 0.39676714052995044, 0.39727725027402244, 0.39798547970930737, 0.39674728180090585, 0.3980283772850037, 0.3973690218702952, 0.39659745561917625, 0.39730714450359345], "training_accuracies": [0.6834794493149772, 0.7007683589452982, 0.7046551551718391, 0.6991183039434647, 0.7043201440048001, 0.709645321510717, 0.711353711790393, 0.7116103870129005, 0.7127154238474616, 0.7073619120637354, 0.7130321010700357, 0.7149421647388247, 0.7161588719623988, 0.7137737924597487, 0.7165872195739857, 0.7156388546284876, 0.713985466182206, 0.7144154805160172, 0.709488649621654, 0.7117020567352245, 0.7104570152338411, 0.7131687722924097, 0.7140021334044468, 0.7163355445181506, 0.7119187306243542, 0.7129804326810893, 0.7135287842928097, 0.715760525350845, 0.7123237441248041, 0.7139104636821227, 0.7155321844061469, 0.7181122704090136, 0.7118837294576486, 0.7137071235707857, 0.7150055001833394, 0.7175255841861395, 0.712340411347045, 0.7130437681256042, 0.7142121404046802, 0.7104170139004633, 0.7183272775759192, 0.7124070802360079, 0.7151271709056969, 0.7150655021834061, 0.7135871195706524, 0.7128920964032135, 0.71115203840128, 0.7176822560752025, 0.7122237407913597, 0.713780459348645, 0.7092769758991967, 0.7093119770659022, 0.7112037067902264, 0.7205173505783526, 0.7130371012367079, 0.713623787459582, 0.7156771892396413, 0.7158138604620154, 0.7168188939631321, 0.7106186872895763, 0.7129754325144172, 0.7122720757358578, 0.7119070635687856, 0.7127570919030635, 0.7102620087336244, 0.7159355311843728, 0.7170155671855728, 0.7165572185739525, 0.7146454881829394, 0.7143388112937098, 0.7084919497316577, 0.710948698289943], "validation_losses": [0.2723877580937822, 0.2420934245929172, 0.2648102957314297, 0.23086227754459346, 0.2351200357960549, 0.20778198545028026, 0.21540387710557102, 0.2104439290703604, 0.20292393842612502, 0.1922166560576384, 0.20582592148678877, 0.20727854541200638, 0.2135153179193511, 0.2152243242668301, 0.22590979236375974, 0.19790970727248297, 0.21547467529060957, 0.1920665725430138, 0.19362377704404146, 0.19058542304801235, 0.1912591833952602, 0.18841588723233466, 0.19564289711473762, 0.20858529891716768, 0.1980913124319444, 0.2125618537387397, 0.18163317976936813, 0.19715347248812443, 0.1930711139836716, 0.21277708186621175, 0.18963442973508854, 0.20004241108831075, 0.19678026633707443, 0.1850164136057233, 0.18341818608742264, 0.1812540407471176, 0.1966066559480192, 0.18626196736461514, 0.190104476244658, 0.1885230241173987, 0.18407430178893616, 0.1842058882032154, 0.17987485066228487, 0.1955676759419798, 0.18521724138273424, 0.17721736683605963, 0.18999250692022504, 0.1889483308947143, 0.18256904827233203, 0.18896088087102564, 0.1846018352733293, 0.1832817426232639, 0.18147062573209913, 0.18553264909909992, 0.1760528182575801, 0.1751571804459195, 0.19863600514394916, 0.19489990292796366, 0.18421388218725046, 0.17879826708698457, 0.1876830572141554, 0.174732763680269, 0.17739939915997524, 0.18150396764365953, 0.18448319783092484, 0.1855551811122192, 0.1859336874218072, 0.19098939954476266, 0.19207369677294991, 0.20057337142645992, 0.1851668709399676, 0.1797253577762361], "validation_accuracies": [0.9001560062402496, 0.9001293385068736, 0.8960358414336573, 0.9165833299998667, 0.9101564062562503, 0.9196767870714828, 0.922196887875515, 0.9240769630785232, 0.9230902569436111, 0.9257570302812113, 0.9239036228115791, 0.9255436884142032, 0.9234502713441871, 0.9209701721402189, 0.9087430163873221, 0.9255970238809552, 0.9175567022680907, 0.922716908676347, 0.9265837300158672, 0.9278104457511633, 0.9281971278851154, 0.9265437284158033, 0.9282504633518674, 0.9245436484126032, 0.9273037588170193, 0.9243836420123471, 0.9290638292198354, 0.9262503833486673, 0.9266770670826833, 0.9115164606584263, 0.9251570062802512, 0.920690160939771, 0.9252370094803792, 0.9268370734829393, 0.9267704041494993, 0.9300638692214355, 0.9288771550862035, 0.9306905609557715, 0.9285704761523794, 0.9271437524167634, 0.9286638132191954, 0.9282771310852435, 0.9271570862834514, 0.9288504873528275, 0.9291438324199635, 0.9304772190887636, 0.9311172446897876, 0.9246236516127312, 0.9294238436204115, 0.9267170686827473, 0.9273304265503953, 0.9315839300238676, 0.9301172046881875, 0.9305038868221396, 0.9310505753563476, 0.9286771470858834, 0.9300372014880596, 0.9313305865567956, 0.9287171486859475, 0.9302772110884435, 0.9296238516207315, 0.9306372254890196, 0.9288104857527635, 0.9259037028147793, 0.9257836980145873, 0.9296638532207955, 0.9299971998879956, 0.9308905689560916, 0.9283571342853714, 0.9278904489512914, 0.9110764430577223, 0.9316505993573077]}