{"training_losses": [0.0015014671298346843, 0.0007539770510205403, 0.0006173355317231766, 0.0005406887356615051, 0.0004869531207510605, 0.00043980944428885174, 0.00040590269115788557, 0.000386233532484918, 0.00036685091959829633, 0.00034653946404037306, 0.0003283097731857297, 0.00031697350694201545, 0.00030925413419159004, 0.0002963791975562854, 0.0002919193827208286, 0.0002793785017291764], "training_accuracies": [0.9599969998999967, 0.9819310643688123, 0.9853328444281476, 0.9872895763192107, 0.9886779559318644, 0.9896763225440848, 0.9906796893229775, 0.9910997033234441, 0.9917747258241941, 0.9921030701023368, 0.9925930864362146, 0.9926447548251608, 0.9930214340478016, 0.9932531084369479, 0.9934497816593887, 0.9938681289376312], "validation_losses": [0.0008867389056452845, 0.0007916028565917829, 0.0006058916464197104, 0.0007200049756357755, 0.000558193869503038, 0.0005609076202285316, 0.0005693705793661936, 0.0005577465780038571, 0.00066610567230125, 0.0005425355385906913, 0.0005310122437066135, 0.0005643484663516891, 0.0006210308650167994, 0.0007898614265352616, 0.0006902249012674314, 0.0006449310563173228], "validation_accuracies": [0.9774924330306546, 0.9813859221035508, 0.9864661253116791, 0.983292665039935, 0.9873328266463992, 0.9871861541128312, 0.9879995199807993, 0.9878795151806072, 0.9869461445124471, 0.9889862261157113, 0.9885595423816953, 0.9879995199807993, 0.9881328586476792, 0.985319412776511, 0.9884662053148793, 0.9874661653132792]}