{"training_losses": [0.0029834102447721476, 0.001740874588455569, 0.0013428702772216518, 0.0010925510923014228, 0.0009129566568014649, 0.0007666960008356997, 0.0006504676332448873, 0.0005544640318762877, 0.000475168355581388, 0.00041153952521329185, 0.00036791165943537464, 0.0003303993190824361, 0.0002927471826197049, 0.0002718716506295923, 0.000248326531702984, 0.00023042599198962941], "training_accuracies": [0.9181706056868563, 0.9550485016167205, 0.9656405213507117, 0.9724324144138138, 0.9770975699189973, 0.9805976865895529, 0.9836661222040735, 0.9861212040401347, 0.9882262742091403, 0.9896946564885496, 0.9906663555451848, 0.9917213907130238, 0.9927064235474515, 0.9932181072702423, 0.9938747958265276, 0.9943864795493184], "validation_losses": [0.0020436112071384404, 0.0015379403662145394, 0.0012275443611686951, 0.0012104661217183406, 0.0011177734242625058, 0.0010204683452674143, 0.0010825500206488026, 0.001111229516884157, 0.0011098745235834716, 0.001214198969420103, 0.0011456419796562806, 0.001211861849418396, 0.0013168118721821904, 0.0012320617618560683, 0.0013362724868984717, 0.0014485979118365033], "validation_accuracies": [0.9466912009813726, 0.9619184767390696, 0.9693854420843501, 0.9710121738202862, 0.9735456084910064, 0.9765190607624304, 0.9761057108951025, 0.9763057188954225, 0.9774524314305906, 0.9769724122298226, 0.9780657892982386, 0.9775724362307826, 0.9775991039641586, 0.9795458485006067, 0.9788658212995186, 0.9774657652972786]}