{"training_losses": [0.007235722533864093, 0.0050429682579918875, 0.0049765145844452305, 0.004411387802335048, 0.003942341310041661, 0.003935006363450145, 0.0037451574285307385, 0.0038057894406374193, 0.0036169608140883946, 0.0037573645748953458, 0.0036036836230020288, 0.0036979433283588024, 0.0035149269970801613, 0.0034726155223065076, 0.0031844180202434337, 0.003425880714249929, 0.0033150343326594713, 0.0031880494600818802, 0.003162454218855599, 0.003259245396444244, 0.0029838644239616814, 0.0032024251736180965, 0.0029682498843841137, 0.0028771463572365183, 0.00312248049972613, 0.0027779009979016158, 0.0030263646062163216, 0.0027852632156434394, 0.002924567980486587], "training_accuracies": [0.7523650788359612, 0.8495199839994666, 0.8536951231707723, 0.8706790226340878, 0.8842228074269143, 0.8851995066502216, 0.8901880062668756, 0.8884362812093737, 0.8946364878829294, 0.8906613553785127, 0.8949048301610054, 0.8924347478249275, 0.8983382779425981, 0.901258375279176, 0.9104186806226874, 0.9045534851161705, 0.9088002933431114, 0.9118787292909764, 0.9131121037367912, 0.9107303576785893, 0.9187589586319544, 0.9131704390146338, 0.9196439881329378, 0.9219507316910563, 0.9154605153505116, 0.9253058435281176, 0.9187522917430581, 0.9250558351945065, 0.9209690323010767], "validation_losses": [0.006050413371320415, 0.005021409665668637, 0.0043173654335270425, 0.00422946581784318, 0.004150458126197324, 0.004060183933974318, 0.0039212592891410625, 0.003910894797588734, 0.004185388776267243, 0.003750911340678158, 0.0035366255918516253, 0.0033718262368586, 0.0031656727897556047, 0.0034968083473713354, 0.0032819506491756287, 0.003050573175189402, 0.0028693611620937013, 0.002922395124117851, 0.002847747069948638, 0.0028197839367928943, 0.0029015695781578685, 0.0030603116254783527, 0.0031406307512928324, 0.0027468685538975957, 0.0028549134713823907, 0.003326263762853304, 0.00292051862230932, 0.002961681878048161, 0.002933711492726002], "validation_accuracies": [0.8108724348973959, 0.8483272664239903, 0.8733549341973679, 0.8760217075349681, 0.8791151646065842, 0.8840086936810806, 0.8863287864847927, 0.8871421523527607, 0.8793551742069683, 0.889822259557049, 0.8954358174326973, 0.9027561102444098, 0.9102497433230663, 0.8987159486379456, 0.9077563102524101, 0.9176500393349067, 0.920730162539835, 0.9202634772057549, 0.9230902569436111, 0.9232369294771791, 0.922076883075323, 0.9181833940024268, 0.9130498553275465, 0.9274504313505874, 0.9246903209461712, 0.9123698281264584, 0.9214235236076109, 0.9223968958758351, 0.9229969198767951]}