{"training_losses": [0.002408613154580061, 0.0011331125412419433, 0.0007005605063199758, 0.0004993207041400521, 0.00038589786201837563, 0.0003210609102270138, 0.0002772959078708814], "training_accuracies": [0.968277275909197, 0.9865712190406347, 0.9919047301576719, 0.9944181472715757, 0.995708190273009, 0.9963515450515017, 0.9968665622187406], "validation_losses": [0.0016095077353599733, 0.0013262996977698985, 0.001577059497921036, 0.0016689152186590225, 0.0016681893000229091, 0.001718841805649146, 0.0015383620737407112], "validation_accuracies": [0.9800258677013747, 0.984399375975039, 0.983332666639999, 0.9822926250383349, 0.9850660693094391, 0.983799351974079, 0.9851194047761911]}