{"training_losses": [0.6476094130293528, 0.6472897448889414, 0.48041376153568427, 0.3939034004063035, 0.3318118294234822, 0.33769234147176147, 0.3284139669135647, 0.30307933228836703, 0.2869620341176788, 0.31376580557380185, 0.2868939084278437, 0.27558175317273476, 0.27561777774601864, 0.2697580526414017, 0.2685648250067316, 0.25364951016059456, 0.297285183138748, 0.2684912573444269, 0.2826049865161601, 0.27028087922578214, 0.2641372265497044, 0.24174581262647019, 0.2737155881122616, 0.26228475424515674, 0.26631809322627104, 0.2890099110118133, 0.2687042105112778, 0.27944131975551173, 0.24021589176106578, 0.258294321360038, 0.27295486053315243, 0.48011395635941784, 0.2996126264238047, 0.2481525374555836, 0.645581126100421, 0.292239328986605, 0.46589499042185645, 0.31593126718620457, 0.2822079715476433, 1.6110731421749294, 0.3091793332450092], "training_accuracies": [0.5095953198439948, 0.4967582252741758, 0.735567852261742, 0.8004533484449482, 0.8397596586552885, 0.8315593853128438, 0.8380896029867663, 0.8521900730024334, 0.8613003766792227, 0.8406080202673423, 0.8580002666755558, 0.8644604820160672, 0.8620887362912097, 0.8667905596853228, 0.8675872529084303, 0.8758641954731824, 0.8570019000633354, 0.8681256041868062, 0.8631554385146172, 0.8718990633021101, 0.8757391913063769, 0.8840878029267643, 0.8787942931431048, 0.8744374812493749, 0.8736324544151471, 0.8628737624587486, 0.8706756891896397, 0.8712340411347045, 0.8857645254841828, 0.8800526684222807, 0.8722140738024601, 0.8720074002466749, 0.8653821794059802, 0.8824977499249975, 0.8754125137504584, 0.85809193639788, 0.8782376079202641, 0.8618553951798393, 0.8700923364112138, 0.8784992833094436, 0.8722640754691823], "validation_losses": [0.6471051262088071, 0.6470431656907847, 0.4292890735134594, 0.36978470583719725, 0.3553925846674522, 0.34175091011297165, 0.34099485423167053, 0.3168594877941873, 0.31731481279275975, 0.3158069277851647, 0.3268488721596519, 0.3080053045050634, 0.30076434665871105, 0.28904033697265163, 0.2909670635920786, 0.3153744927838556, 0.282733647973944, 0.2814378239641589, 0.3142934926778818, 0.2803448562025217, 0.28820032656527134, 0.31888808366510485, 0.3020372050123318, 0.2795319212504741, 0.28365239829349786, 0.28408124872706075, 0.302555290411921, 0.27154812168333775, 0.28231233065200906, 0.2886008018152286, 0.2637554918155419, 0.2744250090318763, 0.27928059331490374, 0.2682769709531832, 0.32541691114851845, 0.2814519727397801, 0.30442448233671243, 0.3578573323183036, 0.3141628692058802, 0.3440918127933154, 0.2745522206702905], "validation_accuracies": [0.5328079789858261, 0.5328079789858261, 0.7866581329919864, 0.812632505300212, 0.8246863207861648, 0.8342467032014614, 0.8333133325333013, 0.8411136445457819, 0.8496873208261664, 0.8487006146912544, 0.8390868968092057, 0.8455404882861981, 0.8421270184140699, 0.8522874248303266, 0.859461045108471, 0.8517007346960546, 0.8614077896449192, 0.8654612851180714, 0.8663413203194794, 0.8622478232462631, 0.8621544861794472, 0.8514207234956065, 0.8648079256503594, 0.8670213475205675, 0.8654212835180074, 0.8676080376548395, 0.8602210755096871, 0.8695414483245997, 0.8659413043188394, 0.8653812819179434, 0.8733682680640559, 0.8601944077763111, 0.8637545501820073, 0.8710348413936557, 0.8425137005480219, 0.860501086710135, 0.8579276504393509, 0.8304865527954451, 0.8669680120538155, 0.8626745069802793, 0.8668480072536234]}