{"training_losses": [0.5342659999752045, 0.49012683621724445, 0.4733418352619807, 0.4658916461420059, 0.4615649940220515, 0.45766634642124177, 0.45605587318579355, 0.4529743148803711, 0.4497292562596003, 0.44867963777860004, 0.44614461579322817, 0.44590917720794676, 0.4447547682714462, 0.44337913488705955, 0.44151082121690116, 0.44082833821455636, 0.4397966363700231, 0.4396698870007197, 0.43868700991630555, 0.4375506081676483, 0.43779450044314067, 0.43735209948857623, 0.435568957139651, 0.4349101102876663, 0.435115001150767, 0.4337661721436183, 0.4329306370417277, 0.43323663317521416, 0.43158397076924643, 0.4314962115844091, 0.4299945084063212, 0.42938186634222664, 0.4295842069387436, 0.42927212223847705, 0.4282907395585378, 0.4279078087727229, 0.42817788169384, 0.4270414203516642, 0.4263004521958033, 0.4260520394945145, 0.42620237229824065, 0.4264632661183675, 0.4269354572502772, 0.4261167040793101, 0.42628975981235506, 0.4254879754495621, 0.4256300646130244, 0.42533029423554736, 0.4238112237437566, 0.4241264562702179, 0.4243645519812902, 0.4242468679300944, 0.4243119392490387, 0.42459728782018025], "training_accuracies": [0.6462632087736258, 0.6736441214707157, 0.6706256875229174, 0.6909063635454515, 0.690716357211907, 0.6841661388712957, 0.6847044901496716, 0.6934464482149405, 0.6895563185439515, 0.6985016167205573, 0.6922830761025367, 0.6870462348744958, 0.6980632687756259, 0.6986599553318444, 0.6981482716090537, 0.6914763825460849, 0.700583352778426, 0.6863228774292477, 0.7049651655055168, 0.6987132904430148, 0.6995366512217074, 0.6978682622754092, 0.7072319077302577, 0.6952581752725091, 0.7063985466182207, 0.7037201240041334, 0.6927480916030534, 0.7036851228374279, 0.7074469148971633, 0.6996533217773926, 0.7049368312277076, 0.7016283876129205, 0.70971199039968, 0.7036701223374112, 0.704495149838328, 0.7039084636154539, 0.707395246508217, 0.6977665922197407, 0.7074735824527484, 0.7076719223974133, 0.7022334077802593, 0.7111103703456781, 0.6991716390546352, 0.7059585319510651, 0.7066885562852095, 0.7102986766225541, 0.7046184872829094, 0.7104186806226874, 0.7043534784492816, 0.7075169172305743, 0.7085019500650022, 0.7097469915663855, 0.707171905730191, 0.7100370012333744], "validation_losses": [0.41597849469826775, 0.39728412989191186, 0.3306151028288496, 0.30906989011263875, 0.3115250166875172, 0.30213385648639113, 0.3088376024273179, 0.3237068665103551, 0.281420818563151, 0.30586456588932043, 0.2752534208475709, 0.2709486290814775, 0.2945001279084925, 0.2846748357524283, 0.272650518285554, 0.25159862962994084, 0.267329936890451, 0.27062293423971767, 0.26541143622725577, 0.2881505464595511, 0.2602385790509402, 0.26101001161437815, 0.25008927353503757, 0.26459275933610577, 0.25601921866834954, 0.25687145421177626, 0.2855831633685347, 0.25603134319327125, 0.25013657478434975, 0.2474329919043984, 0.2554217707993736, 0.25219122702223096, 0.2646558896245582, 0.26223522899550383, 0.25171256996272795, 0.2639625372310158, 0.24566560370907878, 0.24137292652712894, 0.23931336000423054, 0.2527469978475303, 0.27449282014809767, 0.2450826742639084, 0.254046710875094, 0.23301012605587257, 0.2340293748339212, 0.2378772545023894, 0.247418214844675, 0.23468753280894894, 0.2614951663382648, 0.23934794849740626, 0.2627239203782255, 0.25509237825422887, 0.25547593752469283, 0.25367379386760086], "validation_accuracies": [0.7722975585690094, 0.8659279704521514, 0.8732882648639279, 0.8800485352747444, 0.8842487032814645, 0.8876888408869689, 0.8810219075429684, 0.8884755390215608, 0.890595623824953, 0.8798485272744243, 0.8967158686347454, 0.8977025747696574, 0.8929157166286652, 0.8977292425030334, 0.8973558942357694, 0.8993293065055935, 0.8935957438297532, 0.9019294105097537, 0.8977825779697854, 0.8922623571609531, 0.9008760350414017, 0.905449551315386, 0.9089430243876422, 0.9077696441190981, 0.9081963278531141, 0.9080896569196101, 0.8949824659653053, 0.9072362894515781, 0.9025827699774658, 0.9134232035948104, 0.9128365134605384, 0.906129578516474, 0.9118364734589384, 0.9117298025254343, 0.9139565582623305, 0.9020494153099458, 0.9109031027907784, 0.9190234276037709, 0.9171166846673867, 0.907076283051322, 0.9103297465231943, 0.9141298985292745, 0.9140632291958345, 0.9188500873368268, 0.9162899849327306, 0.9189300905369548, 0.9179033828019787, 0.9172766910676428, 0.9182900649359308, 0.9112097817246023, 0.907076283051322, 0.9147565902636106, 0.906916276651066, 0.9047961918476739]}