{"training_losses": [0.00793582246396962, 0.007266906119666738, 0.007141488375277387, 0.007185918455881064, 0.006977535489564252, 0.006916381339875217, 0.006895260582692767, 0.006827520683585113, 0.006851694167312008, 0.006866910062920805, 0.006830037529349164, 0.006730146817419663, 0.006621723662839698, 0.006760601308953663, 0.006596447974433501, 0.006590787744014644, 0.006672939801990813, 0.006652079626076889, 0.0066403533215661685, 0.006580842094514333], "training_accuracies": [0.6623037434581153, 0.6850128337611253, 0.6834894496483216, 0.6901546718223941, 0.6907680256008534, 0.6964715490516351, 0.6938347944931498, 0.6956798559951999, 0.7021684056135205, 0.7000283342778093, 0.6947864928830961, 0.6952365078835961, 0.703348444948165, 0.7018550618353945, 0.7046201540051336, 0.7034267808926964, 0.697976599219974, 0.7024517483916131, 0.7057135237841261, 0.7037201240041334], "validation_losses": [0.005246212065417775, 0.0054747649053256495, 0.004305830840964901, 0.00457611238039735, 0.0045910465937881555, 0.004581063253452888, 0.0041077117587346446, 0.004915996458542999, 0.004346270070819312, 0.0040298523041468175, 0.0036612012374486053, 0.003951237184726513, 0.004175265899311344, 0.003911485019539524, 0.0036139605777942637, 0.00395483328938148, 0.0037861312963139515, 0.003962184779327809, 0.0036696588056586476, 0.004202099200399967], "validation_accuracies": [0.874568316065976, 0.8617411363121191, 0.8945024467645373, 0.8946224515647293, 0.890608957691641, 0.8944091096977212, 0.8979825859701055, 0.8854354174166966, 0.8999293305065535, 0.9014760590423617, 0.9108497673240263, 0.9009693721082177, 0.8961025107670973, 0.9113297865247943, 0.9109297705241542, 0.9035028067789378, 0.9133165326613064, 0.9019427443764417, 0.9087163486539461, 0.8801952078083123]}