{"training_losses": [0.005835012087414019, 0.003989076636880222, 0.00350921989472414, 0.0032330198843827295, 0.003075358203610584, 0.0029868917719117756, 0.002890360133109074, 0.002822504943098065, 0.0027634707000372787, 0.0026827825927525652, 0.0026281126506133554, 0.0025760816908790857, 0.0025553500860266837, 0.002517738358741709, 0.0025088291227765816, 0.0024557609156323503, 0.0024478494526899, 0.002430268643361487, 0.002446956779593524, 0.002418210824926513, 0.0024027907210966127, 0.0023512894923338017, 0.0023506495823832378], "training_accuracies": [0.9232157738591287, 0.9501033367778926, 0.9567102236741225, 0.9606220207340245, 0.9626837561252042, 0.9638987966265542, 0.9654488482949432, 0.966433881129371, 0.9673372445748192, 0.9681289376312544, 0.9692773092436414, 0.9695573185772859, 0.9699923330777692, 0.9704956831894397, 0.97072902430081, 0.9714507150238342, 0.9713690456348545, 0.971717390579686, 0.9717590586352879, 0.9719773992466415, 0.9723590786359545, 0.9724240808026934, 0.9724940831361045], "validation_losses": [0.004377803155295988, 0.0036096561176544844, 0.003546137236972587, 0.0031225308504006814, 0.003749343212717027, 0.003069685744679369, 0.0028631672548725205, 0.002923064906201414, 0.0027423356963939094, 0.0027481670044245316, 0.002557129549205168, 0.0025822216264323322, 0.0025305459833508933, 0.0025019762444975367, 0.0027188124205250923, 0.00265632067987181, 0.0023596305432948043, 0.002344706101644399, 0.002764318786003766, 0.002634685118801462, 0.002654792707994582, 0.002697789417983235, 0.002534013821817475], "validation_accuracies": [0.9447977919116765, 0.9537714841927011, 0.9577983119324773, 0.9618518074056296, 0.953331466591997, 0.9641585663426537, 0.9650919370108137, 0.9664786591463659, 0.968598743949758, 0.96765203941491, 0.97018547408563, 0.9689054228835821, 0.9699854660853101, 0.9698254596850541, 0.969665453284798, 0.9704921530194541, 0.9724522314225902, 0.9720122138218862, 0.968492073016254, 0.96958545008467, 0.9684520714161899, 0.9700921370188141, 0.9708921690200941]}