{"training_losses": [0.003225553377648416, 0.0018624606243348029, 0.0014393072742733787, 0.0011739455009828787, 0.0009672304572605965, 0.0008060327687881379, 0.0006705028275634493, 0.0005647379499287791, 0.00048218513590644066, 0.00041456195503096114], "training_accuracies": [0.9170789026300876, 0.9550385012833761, 0.9655888529617654, 0.9724640821360712, 0.9772509083636122, 0.9813443781459382, 0.9844461482049401, 0.9867928930964366, 0.9887862928764292, 0.9904013467115571], "validation_losses": [0.0021916589304255027, 0.0016156670513235033, 0.0013805909096276327, 0.0012135499996092207, 0.0011345577714144282, 0.0011354310882779864, 0.001141362362759538, 0.0011872653347536405, 0.0012031002022708384, 0.0012022651701692523], "validation_accuracies": [0.9478512473832287, 0.9606517594037095, 0.9684387375495019, 0.9721455524887662, 0.9745723162259824, 0.9760657092950384, 0.9763590543621745, 0.9771990879635185, 0.9782124618318067, 0.9783724682320626]}