{"training_losses": [0.46299787862618763, 0.37299704144056073, 0.30498091991682535, 0.28090621817139366, 0.29757449245619744, 0.2865003754161865, 0.25356140744805333, 0.27348398248242545, 0.24919734288718348, 0.23546055248907719, 0.3101388921261955, 0.28665463496717863, 0.22388214067494408, 0.22872831252489356, 0.24087598987448325, 0.24650185584534737, 0.25612429104482276, 0.2268044820269413, 0.29700676203938553, 0.23181444725909822, 0.2828010468830137, 0.24041140435361139, 0.2523787722009243, 0.21798525703687135, 0.2371349546015147, 0.24877517699240725, 0.7863570742964745, 0.2667317982907345, 0.23511324903371433, 1.4656890177887736, 0.338023105100266, 0.28952260273312996, 0.25058316554028465, 0.22208656822147468, 0.23692626815699042, 0.2735839367363229, 4.290620745847677, 0.6882354528880988, 0.29295115861549975, 0.41912965617545883, 0.32005827940733483, 0.3626202070670823, 1.4064426537356185, 0.2555215268465659], "training_accuracies": [0.7504583486116204, 0.8180456015200507, 0.8525450848361612, 0.8655655188506284, 0.857913597119904, 0.8661905396846562, 0.8824610820360679, 0.877272575752525, 0.8832711090369679, 0.8901446714890496, 0.8765325510850361, 0.8728374279142638, 0.8949264975499184, 0.8938481282709424, 0.8873245774859162, 0.8888462948764959, 0.8797943264775493, 0.892693089769659, 0.8828094269808994, 0.8922130737691256, 0.886757891929731, 0.8921864062135405, 0.8889046301543385, 0.8990649688322944, 0.8888546284876162, 0.8857928597619921, 0.8841828060935365, 0.8902530084336144, 0.8983049434981166, 0.8904580152671756, 0.8870062335411181, 0.9010833694456482, 0.8975682522750759, 0.9045134837827927, 0.8899046634887829, 0.8947948264942165, 0.8907346911563718, 0.8895263175439181, 0.8840094669822327, 0.889141304710157, 0.8699873329110971, 0.868188939631321, 0.8832594419813994, 0.8776375879195973], "validation_losses": [0.4116571637020305, 0.34341939224981677, 0.33481028368418997, 0.3124326803985628, 0.29407720271356314, 0.29769596505244694, 0.27880159437347, 0.2921412532617404, 0.27316077773482267, 0.29867029687932617, 0.2841370302171267, 0.26605488484419887, 0.2646490090547602, 0.25944594825471734, 0.2787441565234747, 0.2577775138642328, 0.2878292608881269, 0.2541083645355088, 0.24959136285689898, 0.2689919833139862, 0.2424948196408871, 0.2522901301761533, 0.23975886592686083, 0.24715279879673213, 0.2921390257750035, 0.4264116627448418, 0.26967402300315474, 0.23520108681322863, 0.24889347605602674, 0.25585670006978606, 0.23484493408061333, 0.2391167400642111, 0.23100129985343235, 0.22821003569280032, 0.25263161396382916, 0.2692532554014333, 0.2534732105357727, 0.31111083737879347, 0.45686485059924903, 0.6023807997621041, 0.28433904337083704, 0.26015275327599874, 0.28851704164178327, 0.25014828650792165], "validation_accuracies": [0.8021787538168194, 0.8364734589383576, 0.8374201634732056, 0.8555275544355108, 0.8672213555208875, 0.8684080696561196, 0.8674746989879595, 0.8662479832526634, 0.874261637132152, 0.8288864887928851, 0.8499406642932384, 0.875728362467832, 0.8768484072696241, 0.8767950718028721, 0.8571142845713828, 0.8770350814032561, 0.8789018227395763, 0.8847420563489207, 0.8828753150126005, 0.8799418643412403, 0.8856354254170167, 0.8836353454138165, 0.8846487192821046, 0.8866221315519287, 0.8861821139512247, 0.8803418803418803, 0.8783151326053042, 0.890208941691001, 0.8735149405976239, 0.8820219475445684, 0.890862301158713, 0.8881955278211129, 0.8940357614304573, 0.890675627025081, 0.8891288984892729, 0.8483406002906783, 0.8871421523527607, 0.87374161633132, 0.8721015507286958, 0.8695681160579757, 0.8689947597903916, 0.8613544541781671, 0.8667280024534315, 0.876248383268664]}