{"training_losses": [0.002702384450515664, 0.0012726869777984699, 0.0007831249894236354, 0.0005500300227002363, 0.0004364836672428879, 0.00034732648266954524, 0.00029621575774529827], "training_accuracies": [0.9668638954631821, 0.985949531651055, 0.9916513883796126, 0.9941048034934498, 0.9954431814393813, 0.996358211940398, 0.9969515650521684], "validation_losses": [0.0019294886530213623, 0.0014676224779578612, 0.0016024873656311396, 0.0016296284191148797, 0.001755517922719305, 0.0017098540295954689, 0.001835084405776328], "validation_accuracies": [0.9778391135645426, 0.983986026107711, 0.983986026107711, 0.9832526634398709, 0.9845993839753591, 0.9854794191767671, 0.985292745043135]}