{"training_losses": [0.2975525145618121, 0.16877545047958692, 0.1401548884300391, 0.12408332654615244, 0.11370028359721104, 0.10598621125390133, 0.09998936892241239], "training_accuracies": [0.8593203106770225, 0.927314243808127, 0.9406880229340978, 0.9478065935531185, 0.952808426947565, 0.9559668655621854, 0.9592053068435614], "validation_losses": [0.34951135467215877, 0.32433050981030886, 0.6034251466756514, 0.6455373246017981, 0.5182105153367683, 0.6472747400681268, 0.5176174433462735], "validation_accuracies": [0.8662613171193514, 0.8952624771657532, 0.8920090136938811, 0.9028094457111617, 0.920196807872315, 0.9149699321306186, 0.9244503113457871]}