{"training_losses": [0.14900647388979793, 0.07039524313529333, 0.053097641072620945, 0.04370526176401725, 0.036627275562783085, 0.032154198238754955, 0.028341953821830683], "training_accuracies": [0.9338827960932031, 0.9725874195806526, 0.9797709923664122, 0.9837511250375013, 0.9864612153738458, 0.988086269542318, 0.9895179839327978], "validation_losses": [0.37698971438251033, 0.14366171711970446, 0.20600091383621846, 0.17928117392977994, 0.15017158207848333, 0.14989710344746512, 0.18354479557240874], "validation_accuracies": [0.937744176433724, 0.9649719322106217, 0.9640652292758377, 0.9746256516927344, 0.9756790271610865, 0.9741723002253424, 0.9760123738282864]}