{"training_losses": [0.002256485074632021, 0.0013605249227447481, 0.001069198314234518, 0.000881397320439019, 0.000753365511999085, 0.0008779328115773974, 0.0005639920127672185, 0.0005200706525942524, 0.0009223304604823459, 0.00042193192857917293, 0.00042366777401138094, 0.000516492668670364, 0.000637257093623153, 0.00047166143052811214, 0.00032587260152505985, 0.0003566758436731187, 0.0004672150498770418, 0.0005461762163977299, 0.001186871237156457, 0.0007413903703933516, 0.006351901908327276, 0.010196361162272361, 0.010190776841867534, 0.010187984364955218], "training_accuracies": [0.9362662088736291, 0.9645004833494449, 0.9730291009700324, 0.9783976132537752, 0.981787726257542, 0.9839811327044234, 0.9865545518183939, 0.9878062602086736, 0.9865745524850829, 0.9900213340444681, 0.9904746824894163, 0.9909963665455516, 0.9908763625454182, 0.991771392379746, 0.9927414247141572, 0.992581419380646, 0.9924880829360979, 0.9925214173805793, 0.9931347711590386, 0.9913447114903831, 0.7061752058401947, 0.5009133637787926, 0.4998633287776259, 0.49988832961098706], "validation_losses": [0.0016008427730639435, 0.0011548956241359558, 0.0010132504657495742, 0.0009828801457870942, 0.000829528509671677, 0.0009330482229289574, 0.0011653108893737774, 0.000807940140052034, 0.0007333460757981881, 0.0007728101862766879, 0.0007577039198295436, 0.0008867165794635, 0.0012494540284172624, 0.0007294499403352025, 0.0007321510204531275, 0.0007199911929843771, 0.001033422288483462, 0.0009534558611727187, 0.0006970559358848083, 0.0009096503739797506, 0.010402519973098118, 0.010111550066454155, 0.010219652744106132, 0.010204167866377182], "validation_accuracies": [0.9559849060629092, 0.9707721642199021, 0.9744389775591024, 0.9772257556968945, 0.9803458805018868, 0.9784524714321906, 0.9731855940904303, 0.983759350374015, 0.984546048508607, 0.984212701841407, 0.9831859941064309, 0.9851194047761911, 0.9778257796978546, 0.985786098110591, 0.9856127578436471, 0.9864261237116151, 0.985812765843967, 0.983305998906623, 0.9851860741096311, 0.9856394255770231, 0.5328079789858261, 0.4674053628811819, 0.5328079789858261, 0.4671920210141739]}