{"training_losses": [0.13424986017912627, 0.06108864521453778, 0.04528811104561513, 0.037615140369621415, 0.03175270961811766, 0.027343982020126036, 0.02500393064280118], "training_accuracies": [0.9419147304910164, 0.9764908830294343, 0.9829910997033234, 0.9861162038734624, 0.9884746158205273, 0.99006300210007, 0.9909663655455182], "validation_losses": [0.1702922147407291, 0.12979742843773157, 0.22529831314091628, 0.2048718531742654, 0.24873330471071436, 0.20747855450214925, 0.464274308000918], "validation_accuracies": [0.9514647252556769, 0.9726122378228462, 0.968292065015934, 0.9751723402269424, 0.9730389215568622, 0.9759723722282224, 0.9778257796978546]}