{"training_losses": [0.006162195350270687, 0.004954983612584446, 0.004274989408873094, 0.0037099237118816677, 0.003839229850532573, 0.0037764131321890615, 0.0038188879654792, 0.003909659632472423, 0.0037502188451006774, 0.0033260202753505707, 0.003769037321156627, 0.0033324548725805364, 0.0033819271374303933, 0.003386092299810794, 0.003615237098706857], "training_accuracies": [0.7996449881662722, 0.8443148104936832, 0.8663438781292709, 0.8848294943164772, 0.8838111270375679, 0.8869878995966533, 0.8877662588752958, 0.885836194539818, 0.8909246974899163, 0.9029300976699224, 0.8908830294343145, 0.9031201040034668, 0.9023567452248408, 0.9021067368912297, 0.8963615453848461], "validation_losses": [0.004694692576453064, 0.0059942463050702225, 0.0037879193918305245, 0.003643901282784896, 0.003864643780781414, 0.0032522291330226273, 0.0036259030146725303, 0.0035319469722246617, 0.0033387603601453763, 0.003108052907302893, 0.0035504355686474956, 0.0035345150995573634, 0.0032184141454704007, 0.003139454166992951, 0.0031461308055549747], "validation_accuracies": [0.8520740829633185, 0.8413136525461018, 0.8829286504793525, 0.890555622224889, 0.8891689000893369, 0.9034494713121858, 0.8956758270330814, 0.8977825779697854, 0.8995959838393536, 0.9091830339880261, 0.8978625811699135, 0.9006226915743296, 0.9092363694547781, 0.9111831139912263, 0.9123698281264584]}