{"training_losses": [0.36565812383043267, 0.2619566046350077, 0.2490537572359356, 0.27846009264228555, 0.2654167123958022, 0.2246964720788536, 0.22870077019439206, 0.23087806441537104, 0.23869918919573072, 0.20961303841050713, 0.2371675466897944, 0.22385327232353155, 0.23450669015434958, 0.2306209045826147, 0.22594453707904166, 0.1993033606094902, 0.22839911390601114, 0.2065139482133494, 0.22236759180834828, 0.21997667887490902, 0.21876644368336884, 0.20607362563114884, 0.18330804193034, 0.20253423294973424, 0.19484711025146398], "training_accuracies": [0.8159205306843561, 0.8700556685222841, 0.8777142571419048, 0.8662122070735692, 0.8736441214707157, 0.8936864562152071, 0.8929714323810793, 0.8933097769925664, 0.8907496916563885, 0.9036834561152038, 0.8923597453248442, 0.8979232641088036, 0.8940281342711424, 0.8961165372179073, 0.8976232541084703, 0.9092353078435947, 0.8975465848861629, 0.9072219073969132, 0.8998349944998166, 0.9007666922230742, 0.9019350645021501, 0.9073602453415114, 0.9177322577419247, 0.9090719690656355, 0.9137071235707857], "validation_losses": [0.3523517698394499, 0.32428492555008476, 0.28928912054098554, 0.2901341119293264, 0.27326042701403375, 0.26426843504791214, 0.2565539756947747, 0.27650164075296807, 0.26934504936343934, 0.2425289716117139, 0.22898672735451597, 0.24805820175305474, 0.2273317147465814, 0.22394062303643925, 0.21658958561013275, 0.22641444954150694, 0.2254138759572461, 0.2389489287855765, 0.2219172870381862, 0.22049172229378416, 0.21896413894966393, 0.22122963446164476, 0.22362425279023115, 0.22521946101512957, 0.2312124476678244], "validation_accuracies": [0.8279664519914129, 0.8423003586810139, 0.8626878408469673, 0.8525141005640225, 0.8665279944531115, 0.8781817939384242, 0.8815419283438004, 0.8816752670106804, 0.8872621571529528, 0.8891955678227129, 0.8967825379681854, 0.8806485592757044, 0.8977292425030334, 0.8987292825046335, 0.9033694681120578, 0.9006226915743296, 0.8986759470378816, 0.891035641425657, 0.9007560302412096, 0.9039028227795779, 0.9057295625158339, 0.8996093177060416, 0.8940490952971453, 0.9037428163793219, 0.9013427203754817]}