{"training_losses": [0.2624287753089269, 0.19878007870395978, 0.18078697352091472, 0.17132554733077685, 0.1626593387510379, 0.15683250325759251, 0.14907782053053378, 0.14235587921202184, 0.13953218133111794, 0.13704226352294285, 0.13491906222641467, 0.13443617401381333, 0.13197545578151942, 0.13094032828966776, 0.13040581794828177, 0.12899751332382361, 0.12779782036622364, 0.12619121102134387, 0.12576730926374594, 0.12502640886843205, 0.12460217156569163, 0.12459305169810851, 0.12232960633714994, 0.12287243761608999, 0.12369110395282507, 0.12153420348435641, 0.12118069155911605, 0.1210575234768788, 0.12050210153917472, 0.12086198248386383, 0.1300661512191097, 0.1197609214895467, 0.11825518842995167, 0.12018780164659024, 0.12014653707941374, 0.11983153734366099, 0.11992157784332831, 0.12706400838196277, 0.12061892819980781], "training_accuracies": [0.8741658055268509, 0.906631887729591, 0.9161622054068469, 0.9209490316343878, 0.9263358778625954, 0.929629320977366, 0.9359178639287976, 0.9402513417113904, 0.9420097336577886, 0.9429197639921331, 0.9440048001600053, 0.944156471882396, 0.9455231841061369, 0.9463832127737591, 0.9461598719957331, 0.947099903330111, 0.9477549251641721, 0.9479415980532685, 0.9484132804426815, 0.9488066268875629, 0.9486382879429315, 0.9491566385546185, 0.949798326610887, 0.949753325110837, 0.9498433281109371, 0.9505483516117204, 0.950583352778426, 0.9506216873895796, 0.9509483649454982, 0.9508933631121037, 0.950651688389613, 0.9514450481682722, 0.9517367245574853, 0.9511767058901963, 0.9512683756125204, 0.9515400513350445, 0.9515400513350445, 0.9516000533351112, 0.9518633954465149], "validation_losses": [0.21136476105076457, 0.18237380366585054, 0.16828866591928127, 0.17023075782209784, 0.15375637117006913, 0.14923720214233407, 0.1518050427314744, 0.14657498264427887, 0.13190641311674375, 0.14943216741260937, 0.1334276927827665, 0.13360811754844473, 0.12756441035475663, 0.1284971482489637, 0.12747398722946232, 0.12686144948218447, 0.12840707872279414, 0.1285629078581622, 0.13267657804708605, 0.13022273191070274, 0.12583041409480003, 0.1280928832315953, 0.12653601889201024, 0.12452446363772351, 0.13843578698416675, 0.12742862642767963, 0.12552472225064532, 0.1233211975929931, 0.11799413512754404, 0.12757473041295955, 0.12129187610246357, 0.12182990649602594, 0.12298176022674402, 0.1217231383454514, 0.12158211046740955, 0.14569168124418663, 0.1217816958725873, 0.12426014829652653, 0.12550778405735613], "validation_accuracies": [0.9027027747776578, 0.9149832659973065, 0.921516860674427, 0.9246903209461712, 0.9290638292198354, 0.9338773550942038, 0.936730802565436, 0.937930850567356, 0.9461711801805406, 0.9393442404362842, 0.9454911529794525, 0.9455311545795165, 0.9482512633838687, 0.9472645572489566, 0.9467578703148126, 0.9479179167166687, 0.9473445604490847, 0.9484379375175007, 0.9457844980465885, 0.9474378975159007, 0.9493046388522207, 0.9499579983199328, 0.9491446324519648, 0.9494379775191008, 0.9437710841767004, 0.9483045988506207, 0.9499979999199968, 0.9513847220555489, 0.9509047028547809, 0.9492513033854687, 0.952064749256637, 0.9507980319212769, 0.9516914009893729, 0.953371468192061, 0.9516780671226849, 0.9471845540488286, 0.9527047748576609, 0.9510913769884128, 0.9501180047201888]}