{"training_losses": [0.3491692807400762, 0.21954277676520703, 0.19052512787030756, 0.17614452620462284, 0.16772655710424833, 0.16175587117704399, 0.15608088287722188, 0.15297764960692234, 0.14938755265043463, 0.1486122714194416, 0.14461018382659904, 0.14388358803429982, 0.14243095002514325, 0.1405426430488976, 0.13849336119436068, 0.13769124843246475, 0.13711601839720633, 0.1341038856893591, 0.13414033490852134, 0.13302591807225073, 0.1336303058248051, 0.1332432156104281, 0.1315039171738406, 0.131107400394315, 0.1300454399922746, 0.12976444520350144, 0.1289243635029498, 0.12841146647148635, 0.12828868535361665, 0.12837824935475997, 0.12658360096335416, 0.12649318776999144, 0.12356678908536842, 0.12267000193910137, 0.11819889177166144, 0.11959632759318961, 0.11724956470054514, 0.11832383360339845, 0.11732634039811679, 0.11397006891092373, 0.11615180823930449, 0.11651382117052315, 0.11478630222292893, 0.11467776430113998, 0.12167908301296285, 0.11323512528009302, 0.113875567843622, 0.11427871269035081, 0.11240427589676245, 0.11567188884752953, 0.11442668565338751, 0.11311953604327438, 0.11674049037985215, 0.11219109259872305, 0.1149625110222746, 0.11327677541140557], "training_accuracies": [0.8271575719190639, 0.9027450915030502, 0.9162338744624821, 0.9218540618020601, 0.9258675289176306, 0.9272675755858528, 0.9303893463115437, 0.9311960398679956, 0.932441081369379, 0.9341678055935198, 0.9349461648721624, 0.9351578385946199, 0.936151205040168, 0.9367778925964199, 0.9372412413747125, 0.9376229207640254, 0.938511283709457, 0.9395079835994533, 0.9392113070435681, 0.9398396613220441, 0.940109670322344, 0.9401113370445682, 0.9412363745458182, 0.94109803660122, 0.9415547184906163, 0.9418013933797793, 0.942469748991633, 0.9418797293243109, 0.942648088269609, 0.9426147538251275, 0.9433131104370146, 0.9430564352145071, 0.9462382079402647, 0.9493183106103537, 0.9519200640021334, 0.9522867428914297, 0.9527334244474815, 0.9527734257808593, 0.9527917597253241, 0.954563485449515, 0.9538484616153872, 0.9535334511150372, 0.9544284809493649, 0.9545234841161372, 0.9541318043934798, 0.9548801626720891, 0.9546134871162372, 0.9545684856161872, 0.9552651755058502, 0.9547101570052335, 0.9549401646721557, 0.9550468348944965, 0.9552968432281076, 0.9555151838394613, 0.9549468315610521, 0.9553135104503483], "validation_losses": [0.286388357776316, 0.19129843238091437, 0.17442149934429008, 0.16921333873745178, 0.1677634440322955, 0.16228448901823608, 0.1495489792214298, 0.14519127295955578, 0.15126966143022297, 0.1522367963800643, 0.14490725355944428, 0.13899030432657025, 0.1448608317548657, 0.14630888318545676, 0.15109867071054292, 0.1380521666944908, 0.13060953404259332, 0.14457647741884516, 0.13615092397257145, 0.1573387832551324, 0.13518788733296774, 0.13253795590574155, 0.12876754994389553, 0.1287740141488165, 0.15108059274280394, 0.12926796584867223, 0.12969912159250466, 0.13411886220158162, 0.12758322547690798, 0.12816030477051432, 0.13713529819609627, 0.12500614755169176, 0.12134858007906059, 0.12211100974618089, 0.11590019618699743, 0.11663184214721763, 0.1260818870229308, 0.11289032905941836, 0.11518645252757341, 0.11709200589409846, 0.12301064734241782, 0.11751620296592896, 0.12281408123636975, 0.16074041959709878, 0.11703734477066192, 0.10993600521608672, 0.12031552500514076, 0.11841620109005051, 0.11582498514958768, 0.15508538740506106, 0.11600019845309287, 0.11777758018169325, 0.11119987300765438, 0.12199734477331481, 0.1455280962813391, 0.11978876834079615], "validation_accuracies": [0.8768750750030001, 0.9168500073336266, 0.9237436164113231, 0.9272637572169553, 0.9279971198847954, 0.9298105257543635, 0.9344773790951638, 0.936730802565436, 0.9356907609637719, 0.9323839620251477, 0.9352640772297559, 0.93823752950118, 0.937757510300412, 0.9349973998959958, 0.9276237716175314, 0.9370908169660119, 0.9409576383055323, 0.9354774190967639, 0.936890808965692, 0.9399309305705561, 0.9396242516367321, 0.9422910249743323, 0.9432110617758044, 0.9414243236396123, 0.9345840500286678, 0.9423576943077723, 0.9433710681760604, 0.9406642932383962, 0.9423843620411483, 0.9451044708455005, 0.9408242996386522, 0.9466378655146206, 0.9481045908503006, 0.9510113737882848, 0.9543181727269091, 0.953864821259517, 0.9493446404522847, 0.9552248756616931, 0.9552248756616931, 0.952878115124605, 0.952411429790525, 0.9527047748576609, 0.952078083123325, 0.9390108937690841, 0.952918116724669, 0.9561049108631012, 0.9542248356600931, 0.953011453791485, 0.9560649092630372, 0.9433977359094364, 0.953651479392509, 0.953304798858621, 0.9570649492646373, 0.9550515353947491, 0.9420643492406363, 0.9545581823272931]}