{"training_losses": [0.007489756445013812, 0.0071425878756038105, 0.007015586730666851, 0.006951502707153444, 0.006868684277981057, 0.006801245041801801, 0.006772293214601431, 0.006739822366397863, 0.0067163091604799195, 0.006723953342398205, 0.006689562991695121, 0.006658064031856068, 0.00665287517616918, 0.00663371606104024, 0.0066351118139507115, 0.006624925159663732, 0.00660890308557866, 0.006602842302966179, 0.0065991524852944666, 0.006591051819523261, 0.006598289418149588, 0.006569416101252883, 0.006568949086522495, 0.006570231926193229, 0.006572457984134059, 0.00655222697536597, 0.006540121279214556, 0.0065484419012551325, 0.006548091125069445, 0.006535341101645025, 0.006530189283780525, 0.006545871859651998, 0.006521786446362568, 0.0065279000871674, 0.006529886512813928, 0.006523142548122065, 0.006520149538282864, 0.006509544837007507, 0.006508101475609752, 0.006512218089356073, 0.006501749236586332, 0.006492305944078489, 0.00650261558713768, 0.00648620807382241, 0.006509970612616582, 0.006504454005221144, 0.0064943413219693035, 0.006496418165585976, 0.006488561798612922, 0.00647432713383889, 0.006489937059185641, 0.006470372918633732, 0.006492045367677838, 0.006486035268733277, 0.006470629885008408, 0.0064709628676211, 0.0064610201904303135, 0.006462515928994902, 0.006451619218233573, 0.006465893641251827, 0.0064570126796194725, 0.006453451114556778], "training_accuracies": [0.6719523984132805, 0.687051235041168, 0.6924580819360645, 0.6920530684356145, 0.696201540051335, 0.6965982199406647, 0.7065952198406613, 0.693344778159272, 0.7057118570619021, 0.7020400680022667, 0.7060468682289409, 0.7135171172372412, 0.7087486249541651, 0.7006300210007, 0.7046068202273409, 0.7012750425014167, 0.7143738124604153, 0.7053251775059168, 0.704295143171439, 0.7097753258441948, 0.7101553385112838, 0.7064168805626854, 0.7058218607286909, 0.7073869128970965, 0.7014883829460982, 0.707643588119604, 0.7115470515683856, 0.7083019433981133, 0.7086919563985467, 0.7081469382312744, 0.7048934964498816, 0.7067335577852595, 0.7040784692823094, 0.7030784359478649, 0.708026934231141, 0.7128704290143004, 0.7085319510650355, 0.7086119537317911, 0.7038617953931797, 0.7054335144504816, 0.7056985232841094, 0.7064018800626688, 0.715085502850095, 0.7111670389012967, 0.7108186939564652, 0.7129854328477616, 0.7062035401180039, 0.7088936297876596, 0.7081669388979632, 0.707756925230841, 0.7066535551185039, 0.7060885362845428, 0.7083319443981466, 0.7049534984499484, 0.712790426347545, 0.7082536084536151, 0.7090253008433615, 0.7070919030634355, 0.7067568918963966, 0.6988866295543185, 0.6992099736657889, 0.7039067968932298], "validation_losses": [0.004888136848197952, 0.0048592662472552416, 0.004513951286758784, 0.00439648331284566, 0.004379564633334095, 0.003998316782810612, 0.0039030931797520594, 0.0041496052817284095, 0.003816766201164671, 0.0038273452288650144, 0.003869054922589029, 0.004123808327372196, 0.003860031433696262, 0.003806843972985617, 0.003774247466202524, 0.003635644220483429, 0.003609664118563186, 0.003703716523771577, 0.003723747944927855, 0.003671324394390672, 0.0035741648192052634, 0.003496335004013945, 0.003612032193567698, 0.003590168886078703, 0.0036001303108466145, 0.003829915595820458, 0.0037823705128361843, 0.0035649237904861525, 0.0036756089790322926, 0.003589842682241009, 0.003453927947191918, 0.00352010315167328, 0.0034542922602869143, 0.0035476284455149606, 0.0033898193726503434, 0.003600896561589418, 0.0035757418566786997, 0.0035232054245354807, 0.0033869506746007183, 0.003529180493529899, 0.003387556448816269, 0.003366221134231264, 0.003378304339945217, 0.0033209979013978496, 0.003495094199260842, 0.00350590887212457, 0.003201859393008482, 0.003502484483175383, 0.0034030222512031268, 0.003297935024901072, 0.0032868611088485364, 0.003182877543447132, 0.0037115106741180404, 0.003326411151790774, 0.0033724383171425502, 0.0036276764114158925, 0.0033873508345682287, 0.003283571103151597, 0.0033990000365363687, 0.0035514078247217643, 0.0034309007729212645, 0.0032586675508682883], "validation_accuracies": [0.8791551662066482, 0.8636745469818793, 0.890395615824633, 0.875368348067256, 0.8680480552555435, 0.8962358494339774, 0.8959558382335293, 0.8962625171673534, 0.9019294105097537, 0.9013560542421697, 0.9079029827859781, 0.90602290758297, 0.8991026307718976, 0.9047828579809859, 0.9109297705241542, 0.9100497353227462, 0.9109297705241542, 0.905902902782778, 0.9119298105257544, 0.9092497033214662, 0.9121031507926983, 0.9097297225222343, 0.9116364654586183, 0.9084630051868742, 0.9107564302572103, 0.9110364414576583, 0.9120231475925704, 0.9115697961251783, 0.9117298025254343, 0.9107830979905863, 0.9130765230609225, 0.9135698761283785, 0.9138365534621384, 0.9150632691974345, 0.9131431923943625, 0.9105164206568263, 0.9165033267997387, 0.9162366494659786, 0.9139032227955785, 0.9141832339960265, 0.9123031587930184, 0.9116764670586823, 0.9143699081296586, 0.9140765630625225, 0.9086896809205701, 0.9111297785244743, 0.9156099577316426, 0.9079429843860422, 0.9125431683934024, 0.9155032867981386, 0.9144232435964105, 0.9163566542661706, 0.9123831619931464, 0.9154766190647626, 0.9151299385308745, 0.9141965678627145, 0.9158366334653386, 0.9183967358694348, 0.9168633412003147, 0.9175700361347787, 0.9162899849327306, 0.9183167326693068]}