{"training_losses": [0.004567825293549101, 0.003604671226574038, 0.0033699118741267187, 0.0032349146561685763, 0.0031309095848217725, 0.00305376796680151, 0.003003232499054988, 0.002944809843869665, 0.0029206068860728614, 0.0028797236473958247, 0.0028373672222239445, 0.0028067806470882016, 0.002780416486284058, 0.0027399259836761694, 0.0027299285422778493, 0.002703777607309935, 0.002696574355977511, 0.002659484935517906, 0.0026514123332970754, 0.0026234872853359518, 0.002608874417747554, 0.0025982807820149434, 0.0025854857008355465, 0.0025748238197659673, 0.0025667263186350178, 0.0025482379705516773, 0.002530398130395263, 0.0025150824922746287, 0.0025150226507617917, 0.002507419245414253, 0.0024823492061335716, 0.0025370176597054256, 0.0025006793060761983, 0.0024567902009559038, 0.002480854643818933, 0.002454543153825001, 0.0024460177687828924, 0.0025411644084039754, 0.002420878575083393, 0.002426737721028022], "training_accuracies": [0.8591653055101837, 0.8916330544351478, 0.8977882596086536, 0.9013883796126537, 0.9043001433381113, 0.9067852261742058, 0.9078652621754059, 0.9099669988999634, 0.9102953431781059, 0.911735391179706, 0.9125537517917264, 0.9136121204040135, 0.9139354645154838, 0.9156505216840561, 0.9158921964065468, 0.9168022267408914, 0.9174772492416414, 0.9184406146871562, 0.919042301410047, 0.9198556618553951, 0.9207973599119971, 0.9214873829127638, 0.9221274042468083, 0.9230607686922897, 0.9232807760258676, 0.9239541318043935, 0.9241058035267842, 0.9249591653055101, 0.9252925097503251, 0.925855861862062, 0.9265992199739992, 0.9263225440848029, 0.9270592353078436, 0.928080936031201, 0.9281959398646622, 0.9286276209206974, 0.92936097869929, 0.9284476149204973, 0.9303860128670955, 0.9301460048668289], "validation_losses": [0.003767279095940093, 0.003466261571075337, 0.0032259028769597094, 0.003162101949494888, 0.0029963482021435066, 0.002884293704335257, 0.0030356964367465092, 0.0029348989498522754, 0.0028858664966457557, 0.002839714817624586, 0.002810995743164042, 0.0029007212870480743, 0.0027265560008044123, 0.002723336531482687, 0.0028674184323014443, 0.002698064650925232, 0.002900298408904562, 0.0027043056556614996, 0.0025775687949888193, 0.00258641883162436, 0.0026056392547927597, 0.002685845026329317, 0.0026137931757315522, 0.0025957153510601187, 0.002635801463162058, 0.002514237965735022, 0.002568690337523134, 0.002546784877731401, 0.0028038890046214356, 0.0023993049286573044, 0.002461669486568046, 0.0030250739559690362, 0.002583472125359083, 0.002647309019655565, 0.002621113562854301, 0.002850584376342634, 0.0025398962207933595, 0.002645558796790539, 0.0024394634247536687, 0.002400343430581194], "validation_accuracies": [0.8842887048815286, 0.8984092697041215, 0.9018360734429377, 0.9031694601117378, 0.9084096697201222, 0.9089830259877062, 0.90748963291865, 0.9108764350574023, 0.9117698041254984, 0.9126498393269065, 0.9125298345267144, 0.9086496793205061, 0.9160633091990347, 0.9163699881328586, 0.9136898809285705, 0.9180233876021707, 0.9112231155912903, 0.9176767070682827, 0.922716908676347, 0.9239836260117071, 0.9229835860101071, 0.9198367934717389, 0.9246903209461712, 0.9254503513473872, 0.9223968958758351, 0.9232769310772431, 0.9235169406776271, 0.9238502873448271, 0.9198101257383628, 0.9298505273544275, 0.9284904729522514, 0.9110897769244103, 0.9262370494819793, 0.9258236996146513, 0.922303558809019, 0.9213835220075469, 0.9294238436204115, 0.9286238116191314, 0.9315305945571156, 0.9317172686907477]}