{"training_losses": [0.008161897180700243, 0.007390286693967713, 0.007200761663707687, 0.00708672910905877, 0.006939311819490367, 0.006957508044894121, 0.006756495225861286, 0.006756367543439372, 0.006834350990867205, 0.006761805869271594, 0.006599696141983486, 0.006766056646369545, 0.00674733256177269, 0.006631977695519338, 0.006720385240176872, 0.006699160586077315], "training_accuracies": [0.665243841461382, 0.6819743991466383, 0.6897946598219941, 0.6941414713823794, 0.6915613853795126, 0.6964098803293444, 0.7058868628954299, 0.6908813627120904, 0.6971682389412981, 0.6900213340444682, 0.7088786292876429, 0.7013967132237742, 0.7023767458915298, 0.7067835594519817, 0.6953348444948165, 0.6966382212740425], "validation_losses": [0.005865051316577886, 0.004802041063917089, 0.004396756000399871, 0.004364352171649338, 0.004171995853177102, 0.004098284134756108, 0.0040466745162386275, 0.0040386136403075075, 0.0038704055702811725, 0.003877819615693414, 0.0036069343209851608, 0.003860874756774688, 0.003918545958301103, 0.004059430893190143, 0.0038634663733379546, 0.0036849553976852473], "validation_accuracies": [0.8413669880128538, 0.8640212275157673, 0.8936357454298172, 0.8963025187674174, 0.8993693081056575, 0.9038228195794499, 0.8986892809045696, 0.8994493113057855, 0.9081029907862981, 0.8992093017054016, 0.9095430483886022, 0.9084763390535622, 0.906862941184314, 0.8924223635612091, 0.9118098057255624, 0.9057295625158339]}