{"training_losses": [0.008427384876323512, 0.007899037001430919, 0.007820501065151092, 0.00755145809308895, 0.007399135411790047, 0.007447997309957219, 0.007607879352763699, 0.007512882395611671, 0.007433048976422779, 0.007410731709543087, 0.007310713428220748, 0.007300199139848972, 0.007251218308867675, 0.007096808920718577, 0.007185583126654628, 0.007162820483791681, 0.007066714906424076], "training_accuracies": [0.6399663322110737, 0.6588769625654188, 0.6738141271375713, 0.6746558218607287, 0.6794643154771826, 0.674327477582586, 0.6825427514250475, 0.6717457248574953, 0.6827177572585753, 0.6853678455948532, 0.6859778659288643, 0.6870995699856662, 0.6828060935364512, 0.6883179439314644, 0.69042301410047, 0.6852228407613588, 0.694559818660622], "validation_losses": [0.006549834013831649, 0.006467562694322227, 0.006446968165065727, 0.005386201480843219, 0.005374803688508128, 0.005435232015001438, 0.005405363218954284, 0.005341930700978185, 0.004892390721708682, 0.005121908552426774, 0.005135531424341554, 0.004885694764510094, 0.004977453769058816, 0.005334598794623217, 0.005027053788871987, 0.0054271429312111215, 0.004982584493856728], "validation_accuracies": [0.827766443991093, 0.796885208741683, 0.7747509900396016, 0.8644879128498473, 0.8696214515247277, 0.859501046708535, 0.8716882008613678, 0.859714388575543, 0.8775017667373362, 0.876195047801912, 0.8669680120538155, 0.87480832566636, 0.8735149405976239, 0.8603144125765031, 0.8701281384588717, 0.8478872488232863, 0.8658079656519594]}