{"training_losses": [0.2880993896861871, 0.2120492088317871, 0.1920525639720758, 0.18162694316645464, 0.1743071201177438, 0.1688734498667717, 0.16394724749187628, 0.161297267644008, 0.15877060506621996, 0.15589143889596066, 0.15318617902894816, 0.1519660070415338, 0.14967136910458406, 0.14872199358820914, 0.14690084451754887, 0.14633190246085326, 0.14463631455024084, 0.14342161260644595, 0.14198392454047998, 0.14100087925175825, 0.14117335890988508, 0.14034021362026533, 0.1382746699638168], "training_accuracies": [0.8654271809060302, 0.9057635254508484, 0.9154638487949598, 0.9207773592453081, 0.9241708056935232, 0.9271275709190306, 0.9297226574219141, 0.9310960365345512, 0.9322410747024901, 0.9334677822594086, 0.9351011700390013, 0.935859528650955, 0.9366995566518884, 0.9369778992633088, 0.9381546051535051, 0.9381596053201774, 0.9390779692656422, 0.9398129937664589, 0.9401746724890829, 0.9405880196006533, 0.9407730257675256, 0.9409380312677089, 0.9420947364912163], "validation_losses": [0.2740083364667904, 0.2116249945612683, 0.20674336591081788, 0.19246223593823222, 0.1835942838921876, 0.1871302180250104, 0.188660823384811, 0.20079125480211635, 0.173894020354704, 0.17016014327212042, 0.17626063334070127, 0.17883433824708758, 0.17363523709459314, 0.1698977300744231, 0.16992646348233784, 0.20907903109215453, 0.17611820239162398, 0.16935828524496396, 0.17017835122982225, 0.18767420025514397, 0.17239578903927785, 0.18300867699055673, 0.1814117263685984], "validation_accuracies": [0.8767417363361201, 0.9080363214528581, 0.9095697161219782, 0.9160099737322827, 0.922756910276411, 0.9183700681360588, 0.9165433283998027, 0.9130898569276105, 0.9269704121498193, 0.9269970798831954, 0.9244636452124751, 0.9248236596130512, 0.9261437124151632, 0.9289571582863314, 0.9282637972185555, 0.9133565342613704, 0.9253303465471953, 0.9291971678867155, 0.9293171726869075, 0.922756910276411, 0.9281837940184274, 0.9242369694787792, 0.9247969918796752]}