{"training_losses": [0.001955894360134155, 0.0010704815312810073, 0.0008870553602921404, 0.0007864188420910911, 0.0007300717330603102, 0.0006847771575003785, 0.000655752499940943, 0.0006339166378525976, 0.000605662470429062, 0.0005881716082127955, 0.0005830508520134806, 0.0005680505650600829, 0.0005485197906273685, 0.0005398337336997086, 0.0005331955994718585, 0.0005303445195694438, 0.000525709128432413, 0.0005182633183569967, 0.0005093653879737535, 0.000507443489684039, 0.0005083079892308297, 0.000506516459321995, 0.0005011982739862308, 0.0004995172816152933], "training_accuracies": [0.9460765358845294, 0.9729024300810027, 0.9780292676422547, 0.9808960298676622, 0.9823227440914697, 0.9835027834261142, 0.9842078069268976, 0.984891163038768, 0.9855978532617754, 0.9860045334844495, 0.9861228707623587, 0.9867662255408514, 0.987027900930031, 0.9873229107636922, 0.9873812460415348, 0.9875495849861662, 0.9877262575419181, 0.9879195973199106, 0.9882496083202773, 0.9882512750425014, 0.9882929430981032, 0.9883479449314977, 0.9882912763758792, 0.9882796093203107], "validation_losses": [0.0011483532600945765, 0.0009538920032570564, 0.0008600491717277609, 0.0007881797456685237, 0.0008643888710122433, 0.0007280069679281225, 0.0006847400601332188, 0.0007509343097945862, 0.0007280463901854662, 0.0006909875038574855, 0.000658855960366107, 0.0007152790017084826, 0.0007127896421227466, 0.0006959178211240325, 0.000651281871120091, 0.0007693000429001798, 0.00064960980230071, 0.0006694467052153496, 0.0006292027103871914, 0.0007406595724217223, 0.0006535492297858147, 0.0006568363733627748, 0.0006392881089237415, 0.0007143836655885028], "validation_accuracies": [0.9709188367534701, 0.9764790591623665, 0.9797458565009267, 0.9812525834366708, 0.9801592063682547, 0.9831326586396789, 0.984452711441791, 0.982825979705855, 0.983772684240703, 0.984799391975679, 0.9856660933103991, 0.983732682640639, 0.983946024507647, 0.9859327706441591, 0.9859727722442231, 0.9821726202381429, 0.985799431977279, 0.984959398375935, 0.9855594223768951, 0.9851994079763191, 0.9864394575783031, 0.9857327626438391, 0.9874261637132152, 0.984639385575423]}