{"training_losses": [0.5441517664591471, 0.5227062296835582, 0.514525078496933, 0.508736424703598, 0.5041866770076752, 0.5025770931243897, 0.5010461117839813, 0.49768929441134135, 0.49730729740460716, 0.4963693657239278, 0.4956039058113098, 0.494598786277771, 0.4939617705408732, 0.4927327248287201, 0.4922148856226603, 0.4920234144147237, 0.4905610944620768, 0.4912265959739685, 0.49014630935986836, 0.48982847830454507, 0.4892462320391337, 0.48807805748621624, 0.4878373425388336, 0.4878070292472839, 0.4878169883855184, 0.48734466049830116, 0.48632235911687216, 0.4874420583089193, 0.4867608776410421, 0.48711115472157795, 0.4863190565395355, 0.4863698946094513, 0.48550883350372315, 0.48547202569007875, 0.4858911736170451, 0.48487124289194744, 0.4850555934460958, 0.48508489828745527, 0.4837470198281606, 0.48480758277257285, 0.4845751761658986, 0.4840657319959005, 0.484225029557546, 0.4840906435426076, 0.48345764459609986, 0.4841319298235575, 0.4839330411911011], "training_accuracies": [0.6422064068802293, 0.6528234274475816, 0.656273542451415, 0.6613703790126337, 0.6623470782359412, 0.6618170605686856, 0.6621037367912264, 0.6673405780192673, 0.6641938064602153, 0.6674889162972099, 0.6691173039101304, 0.6627354245141505, 0.6662055401846728, 0.6653988466282209, 0.6729474315810527, 0.6671355711857062, 0.6685956198539952, 0.6668588952965099, 0.6741258041934731, 0.6680439347978266, 0.6745108170272343, 0.6721957398579953, 0.6736907896929898, 0.6739574652488416, 0.6768242274742492, 0.6717890596353212, 0.674505816860562, 0.6705190173005767, 0.6767892263075436, 0.6760892029734324, 0.6749408313610453, 0.675315843861462, 0.6792209740324677, 0.6758041934731158, 0.6772142404746825, 0.6744858161938732, 0.6784492816427214, 0.6755141838061268, 0.6803160105336844, 0.6717523917463916, 0.6757925264175473, 0.6760925364178806, 0.6825910863695457, 0.6789959665322177, 0.6725207506916897, 0.6788426280876029, 0.6753041768058935], "validation_losses": [0.45246198444442703, 0.42428433729021064, 0.41918133675411146, 0.41082212906949994, 0.3973123239603177, 0.401087216373287, 0.39287574823259697, 0.3919634427842248, 0.38959781774000063, 0.38675273296365253, 0.38768739210053793, 0.3758397388626382, 0.37840877312429644, 0.3862903776702993, 0.3702095793378501, 0.3714045793872704, 0.3735089423293689, 0.3771431049762832, 0.38623066779282766, 0.3752390551585355, 0.37034126399966333, 0.3677661227514327, 0.37850263555002606, 0.3850159311293653, 0.3739897295301892, 0.3656389730753772, 0.3652224319367138, 0.36671145489036483, 0.36011209904725944, 0.3677654942393336, 0.35497645031480696, 0.3639375614307309, 0.357252326853124, 0.35449031778420786, 0.36204529884905495, 0.3636122573736044, 0.3499005053840506, 0.3604552536358688, 0.35374817904425193, 0.3561708613576537, 0.35813964466998244, 0.3719574719936134, 0.371084618412356, 0.3652699207609804, 0.35647540331750094, 0.36566983777348455, 0.3670191006011935], "validation_accuracies": [0.7738176193714416, 0.7911383121991546, 0.8186060775764364, 0.8279664519914129, 0.8315399282637972, 0.8343933757350294, 0.8328466471992213, 0.8229795858501007, 0.8377001746736537, 0.8407536301452058, 0.8401536061442457, 0.8418736749469978, 0.8431003906822939, 0.8318732749309973, 0.8446204514847261, 0.8418470072136218, 0.845367148019254, 0.8454204834860061, 0.84432710641759, 0.8425937037481499, 0.8455671560195741, 0.843553742149686, 0.843273730949238, 0.8431270584156699, 0.8502073416269984, 0.8473405602890782, 0.8478339133565342, 0.844433777351094, 0.8499673320266145, 0.8508073656279584, 0.8487272824246304, 0.8483539341573663, 0.8517140685627425, 0.8471672200221342, 0.8502473432270624, 0.8516073976292385, 0.8500073336266784, 0.8517674040294945, 0.8505940237609504, 0.8472072216221982, 0.8510073736282785, 0.8527941117644706, 0.8524340973638945, 0.844220435484086, 0.8551408723015588, 0.8514340573622945, 0.8536474792325026]}