{"training_losses": [0.001999212095196255, 0.0010810245503699795, 0.0009037866224180585, 0.0008175396966614865, 0.0007400071587348207, 0.0006975170430060388, 0.0006660231006882645, 0.000642878805549079, 0.0006118852221212906, 0.000604048863317735, 0.0005853453876899594, 0.0005691783311720854, 0.0005556034876772153, 0.0005407874451134332, 0.0005460524693858395, 0.0005376773966633489, 0.0005318778310793225, 0.0005300233108539299, 0.0005157413229910511, 0.0005219144206580379, 0.0005075925525382653, 0.0005033332525889657, 0.000502369741587303, 0.0005077111375578684, 0.000495778142178185, 0.000485762310898971, 0.0004869921317380819, 0.000509794608752809], "training_accuracies": [0.9493899796659888, 0.9750525017500583, 0.9794459815327178, 0.9818293943131438, 0.9834594486482883, 0.9845411513717124, 0.9853578452615087, 0.9860062002066735, 0.9865345511517051, 0.9867712257075236, 0.9873612453748458, 0.9875645854861829, 0.987861262042068, 0.988039601320044, 0.9883412780426014, 0.9885846194873162, 0.9886112870429015, 0.9886746224874162, 0.9890096336544552, 0.9891663055435181, 0.9891279709323644, 0.989479649321644, 0.9897146571552385, 0.9896196539884663, 0.9898896629887662, 0.989929664322144, 0.9898113270442348, 0.9898196606553552], "validation_losses": [0.0012405012092378393, 0.0009299687956232903, 0.0009155336425582554, 0.0009322388048758327, 0.0010613800492504006, 0.0007492270842830118, 0.0007139124127272349, 0.0007093220364809876, 0.0007013658960443243, 0.0007386862967037876, 0.0006917323523484101, 0.0007108545825290572, 0.0006952477297021078, 0.0006532110729692112, 0.0006506278093570196, 0.0006880201027356732, 0.0006956089236350062, 0.000752460777259865, 0.0006420642766580313, 0.0006657361249440294, 0.0006903729033357638, 0.0006656340509350478, 0.0006254324713614181, 0.0007905281603904017, 0.000717079125685246, 0.0006624782807555375, 0.0008313063297410964, 0.0007343840905800915], "validation_accuracies": [0.9716521994213102, 0.9792391695667827, 0.9807058949024627, 0.9810259077029748, 0.9775057668973426, 0.9840526954411509, 0.984932730642559, 0.984346040508287, 0.9859994399775991, 0.985359414376575, 0.9862661173113592, 0.9861861141112311, 0.9866794671786872, 0.9864394575783031, 0.9871061509127032, 0.9866661333119991, 0.9861327786444791, 0.984519380775231, 0.9885062069149433, 0.9873461605130872, 0.9861994479779191, 0.9874928330466552, 0.9879861861141113, 0.983772684240703, 0.9864527914449911, 0.9870794831793271, 0.9851727402429431, 0.9883862021147513]}