{"training_losses": [0.42414891150007644, 0.29379674104158454, 0.2830257640908488, 0.2520355891403323, 0.26288990883416496, 0.24024436432984192, 0.23005566203692027, 0.21310549940501455, 0.19845306432898416, 0.19833994177254832, 0.2164416838985179, 0.2278640217677059, 0.2000987364781124, 0.2120355651312601, 0.20712615986280328, 0.19595625486668417, 0.2916504148153251, 0.2191317099517032, 0.19288499186220695, 0.2275483731724962, 0.3478012877493676, 0.21441364051733877, 1.1148349728716351, 0.2902762027453445], "training_accuracies": [0.7833344444814827, 0.8591319710657022, 0.8644704823494116, 0.8806793559785326, 0.8750408346944898, 0.8855661855395179, 0.890399679989333, 0.8976265875529185, 0.9060335344511484, 0.9049451648388279, 0.8979032634421147, 0.9043101436714557, 0.9065118837294577, 0.9033467782259409, 0.9074535817860595, 0.91928897629921, 0.9118220607353579, 0.9131204373479116, 0.9177905930197673, 0.9210323677455915, 0.9086936231207707, 0.9153905130171006, 0.9053918463948798, 0.901303376779226], "validation_losses": [0.37547430365932605, 0.33864834295206575, 0.2872163406636509, 0.2702346977487685, 0.2637681982332078, 0.30831498957661846, 0.2668936509693469, 0.2915059255591204, 0.281952830009817, 0.2215406180783308, 0.2243634190736382, 0.2445367054347533, 0.2275590290001377, 0.2064742976376706, 0.24363243635333956, 0.24860600385081952, 0.2209458920980705, 0.23561561153773575, 0.336460074714111, 0.24309723562098579, 3.410186844824445, 0.21826161932809415, 0.25174645688285147, 0.3347698129449377], "validation_accuracies": [0.8206461591797005, 0.8361401122711575, 0.8650079336506794, 0.8767284024694321, 0.8767150686027441, 0.8770084136698801, 0.8368601410723095, 0.8310465751963412, 0.8855954238169527, 0.8976625731695934, 0.8962358494339774, 0.8930623891622331, 0.8967558702348094, 0.905596223848954, 0.8942224355640892, 0.8873154926197048, 0.9074096297185221, 0.9043428403802819, 0.8548475272344227, 0.8978892489032895, 0.9095297145219142, 0.9111431123911623, 0.8986892809045696, 0.8670080136538795]}