{"training_losses": [0.006311513298754339, 0.004312691189857586, 0.0036886476492287296, 0.0032707367337985126, 0.003416898282248617, 0.003048965713345491, 0.002965847465166339, 0.0031875736466914586, 0.0028614838646535273, 0.003015709363787659, 0.0027397395580327976, 0.0026872994367481773, 0.0028406214344280085, 0.0027180411023591286, 0.002741781932951333, 0.0025098079495119775, 0.0027891640154914213, 0.0025822637720799746, 0.0027210107730232897, 0.0024509889176268737, 0.0025521668424872885, 0.0023599951601525606, 0.0024627178669516404, 0.0024408642229313696], "training_accuracies": [0.7991149704990166, 0.8746558218607287, 0.8948614953831794, 0.9065268842294744, 0.9025434181139371, 0.9121254041801393, 0.9147638254608487, 0.9085786192873095, 0.9173589119637321, 0.9129587652921765, 0.9199606653555118, 0.9217873929130971, 0.9178755958531951, 0.9209056968565619, 0.92099903330111, 0.9269858995299843, 0.9195073169105636, 0.9255808526950898, 0.9237557918597287, 0.932891096369879, 0.931519383979466, 0.937184572819094, 0.9350211673722457, 0.9355111837061235], "validation_losses": [0.005083019608727046, 0.004135222354929672, 0.003521383248929101, 0.003538800720805578, 0.0032073945191388336, 0.003365888252584828, 0.0028944542328312333, 0.003339681916591812, 0.0028809833579425135, 0.002855841439391286, 0.0029370462455752685, 0.002812065226810286, 0.0027103654696773, 0.0030604980124626243, 0.00259637060660522, 0.0027348147399742354, 0.0028216483977694835, 0.002526514640164797, 0.0022732228702152736, 0.00235586234600425, 0.002507684267603889, 0.0024357864368627674, 0.002515451587889911, 0.0026228344817155586], "validation_accuracies": [0.8563009187034148, 0.8784751390055602, 0.9027027747776578, 0.8978092457031615, 0.9058095657159619, 0.90608957691641, 0.9180100537354827, 0.8967558702348094, 0.9175167006680267, 0.9171433524007627, 0.9171566862674507, 0.9166633331999947, 0.9209168366734669, 0.9146365854634185, 0.9251703401469392, 0.9196634532047948, 0.923116924676987, 0.9287571502860115, 0.937210821766204, 0.937397495899836, 0.9313439204234836, 0.9354640852300758, 0.9339040228275798, 0.9315172606904276]}