{"training_losses": [0.19222409693499407, 0.11535372111936411, 0.09733882406825821, 0.08704413486634692, 0.07956471682655315, 0.07651141964584589, 0.07191304442316293, 0.06747061181239784, 0.06662181218226751, 0.061071850334530074, 0.059590983757674694, 0.05762722939679399, 0.07217303656672439, 0.06340370033526173], "training_accuracies": [0.9159121970732358, 0.9534667822260742, 0.9615903863462115, 0.965780526017534, 0.9691339711323711, 0.9707140238007934, 0.9724290809693656, 0.9743891463048768, 0.975720857361912, 0.9768242274742491, 0.9773192439747992, 0.9782442748091603, 0.9756458548618288, 0.9775675855861862], "validation_losses": [0.1428221899549153, 0.1308912055166777, 0.1126595240022847, 0.10389752469360496, 0.10598578861235343, 0.10685806952558978, 0.10824241623360159, 0.11052871331508314, 0.1399719096048632, 0.16401549213535468, 0.38646219504955376, 0.413982311793485, 1.447595446618628, 0.9050575896133988], "validation_accuracies": [0.9414376575063003, 0.9509447044548449, 0.9556915609957731, 0.9626118378068456, 0.9626651732735976, 0.9641719002093417, 0.9630518554075497, 0.9647852580769898, 0.9658252996786538, 0.9697721242183021, 0.9663053188794218, 0.96965211941811, 0.9657852980785898, 0.9665319946131179]}