{"training_losses": [0.18209808422317109, 0.09387294840772947, 0.07294678544214617, 0.05970940023835748, 0.051230085670674844, 0.044847490862614164, 0.04158540182464446], "training_accuracies": [0.9167288909630321, 0.9627937597919931, 0.9718840628020934, 0.9770259008633622, 0.9804493483116103, 0.9829277642588087, 0.9847228240941365], "validation_losses": [0.24253856344898236, 0.20083366686601545, 0.24474762479675677, 0.2509326098802743, 0.6255687576493247, 46.37271024296555, 10.846506696840272], "validation_accuracies": [0.9359041028307798, 0.9467445364481246, 0.9499313305865568, 0.9599183967358694, 0.9560115737962852, 0.9259170366814673, 0.9314239236236116]}