{"training_losses": [0.223008301119407, 0.10988664647877217, 0.07901639387165507, 0.06225650552913547, 0.051213414853190385, 0.04314538629464805, 0.03714335516410569, 0.03190296912089611, 0.028335806672504793, 0.02483700852068762, 0.02237191385673514, 0.019919939413350074, 0.01798024621994545, 0.016059047346397612, 0.01482272830043609, 0.013605520586856486, 0.012701440166035124, 0.011580185553197129, 0.010701802625415537, 0.010183155277606177, 0.009303244318741879, 0.008704253698271835, 0.00825037750138552, 0.007868633507453681, 0.00750342939526386, 0.006999218294021169], "training_accuracies": [0.8985649521650722, 0.9548518283942798, 0.9683706123537451, 0.9761158705290176, 0.9804743491449714, 0.9837511250375013, 0.9863562118737291, 0.9882379412647089, 0.9896596553218441, 0.9909896996566552, 0.991906396879896, 0.9928564285476182, 0.9934081136037868, 0.994244808160272, 0.9945781526050869, 0.9950748358278609, 0.9953581786059535, 0.9958348611620388, 0.9961748724957499, 0.9963382112737091, 0.9966932231074369, 0.9969832327744258, 0.9970899029967666, 0.9972049068302277, 0.9973449114970498, 0.9975149171639055], "validation_losses": [0.765443114188485, 0.6657506903666996, 0.554297374997057, 0.8039506608105951, 0.5950506092624502, 0.5748682843833384, 0.6293052115505697, 0.4498269753164188, 0.5275600001786849, 0.48027179408869414, 0.560869121196742, 0.7090305131406567, 0.4176772086936369, 0.4383461171499099, 0.35414741807993794, 0.4960593487592551, 0.26712888528332485, 0.2876258708237042, 0.38535240690062766, 0.4306208875407529, 0.1869111716811295, 0.46399033699213815, 0.286068399552627, 0.2261448365479383, 0.23209677666282405, 0.39802061667962324], "validation_accuracies": [0.8520474152299425, 0.9000760030401216, 0.9198767950718029, 0.9138898889288904, 0.9238369534781391, 0.9308105657559635, 0.9289038228195794, 0.9458378335133405, 0.9366641332319959, 0.9460511753803486, 0.9426110377748443, 0.9305438884222036, 0.9444911129778525, 0.9537581503260131, 0.9499846660533088, 0.9445177807112285, 0.9602650772697574, 0.9631585263410536, 0.9554648852620772, 0.9583983359334374, 0.9689054228835821, 0.9441310985772764, 0.9649452644772457, 0.9635718762083817, 0.9702388095523821, 0.9541981679267171]}