{"training_losses": [0.5182479852279027, 0.47254293272336323, 0.46059098266124726, 0.45147572734832764, 0.4460796246989568, 0.44101791779677074, 0.4374467361609141, 0.43430637414137524, 0.43291329336484274, 0.431812812388738, 0.42954131472905477, 0.427668925652504, 0.42616837999502816, 0.42552952134927113, 0.42352651504516603, 0.4221697563886642, 0.4212416937446594, 0.41975376031398776, 0.4189524814224243, 0.4173766009775797, 0.4174454492028554, 0.4160735947958628, 0.41580287446975706, 0.4141994519933065, 0.4136321116797129, 0.41350613642374673, 0.41231718661308286, 0.41211882295131685, 0.4127889056777954, 0.4103968313852946, 0.4114114380963643, 0.4094129429181417, 0.41026789865175883, 0.4107160961961746, 0.4091078782669703, 0.409792106496493, 0.4082556188217799, 0.40832963379383086, 0.40742161750157674, 0.40745617811838786, 0.40731093062241874, 0.40702560112953184, 0.406580050145785, 0.40691360422770184, 0.4066916879320145, 0.40675269971529643, 0.4061626959371567, 0.4066423008966446, 0.4062796704562505, 0.4054227244695028, 0.4048562641064326, 0.40499697283267977, 0.40584246082782743, 0.40467448606332146, 0.4045703388675054, 0.4044444310569763, 0.4042018402767181, 0.4042267193492254, 0.4042366056029002, 0.404374289911588, 0.4043311400747299, 0.40292131966908773, 0.4043952177254359], "training_accuracies": [0.6605870195673189, 0.687814593819794, 0.6942531417713924, 0.6814793826460882, 0.6995466515550518, 0.6967732257741924, 0.6977015900530018, 0.7007700256675222, 0.7000550018333944, 0.7022984099469982, 0.7082436081202707, 0.6984182806093536, 0.7035551185039501, 0.7053001766725557, 0.7086286209540318, 0.7050901696723224, 0.706138537951265, 0.7100820027334245, 0.7085619520650689, 0.7103586786226208, 0.7084802826760892, 0.7028434281142705, 0.7118620620687356, 0.7088486282876096, 0.707305243508117, 0.7081869395646522, 0.7087802926764225, 0.7089669655655189, 0.7098503283442782, 0.7126754225140838, 0.7165305510183673, 0.7148671622387412, 0.722255741858062, 0.7132687756258542, 0.7126754225140838, 0.705238507950265, 0.7118887296243208, 0.7231607720257341, 0.711508716957232, 0.7120487349578319, 0.7115753858461948, 0.7172089069635654, 0.7220340678022601, 0.7219390646354878, 0.7192556418547285, 0.7102353411780392, 0.7172289076302544, 0.7144838161272042, 0.7191056368545619, 0.722550751691723, 0.7111770392346412, 0.7231307710257009, 0.7194106470215674, 0.7181439381312711, 0.7136304543484783, 0.71753391779726, 0.7137221240708024, 0.7169722324077469, 0.7164422147404913, 0.714298809960332, 0.7243558118603953, 0.7210240341344711, 0.709665322177406], "validation_losses": [0.3454944900091446, 0.34439430115410796, 0.314498356860479, 0.2826171390745132, 0.2828900518205228, 0.28694533895025526, 0.2533462811607881, 0.26083905172671207, 0.25391510627808134, 0.24204946733491697, 0.28443633306209426, 0.23668851511339892, 0.24466579138037217, 0.2463274181194566, 0.23452053078679494, 0.22684723300149057, 0.22953208586828025, 0.23096923219617155, 0.2384113277485825, 0.23727506789671327, 0.23089662593119784, 0.21338344143558657, 0.22201613347465463, 0.22848953750597842, 0.23201150630674566, 0.22302531257077823, 0.21565115252189435, 0.24128471310195168, 0.22209586454113198, 0.22510622942038871, 0.22130529643050917, 0.20883047079274455, 0.21496864496389087, 0.2335296513408169, 0.25039129417559874, 0.1999175071465376, 0.20980522858077333, 0.21994434526703385, 0.213779849057143, 0.20455498474349113, 0.19967930995783922, 0.209649385282405, 0.19328257173652819, 0.2121342818697417, 0.2658605205195732, 0.20936234016356572, 0.23206147993098974, 0.22440661073130025, 0.20392541576215686, 0.22999529061056775, 0.21296294899728707, 0.19987916802562725, 0.18479477035426367, 0.20188868330233226, 0.19367696444507507, 0.20981083407844944, 0.23215434489541525, 0.1879495314772717, 0.18645505210165045, 0.18841472084323743, 0.19901426477056633, 0.2118022416475314, 0.19093090705751195], "validation_accuracies": [0.8690880968572077, 0.8598210595090471, 0.8805818899422644, 0.8993293065055935, 0.890622291558329, 0.8884622051548728, 0.906436257450298, 0.9047295225142339, 0.9047428563809219, 0.9090496953211462, 0.8856754270170807, 0.9093963758550342, 0.9153432803978826, 0.9175567022680907, 0.9167700041334986, 0.921330186540795, 0.9240502953451472, 0.9172900249343308, 0.9252103417470032, 0.9098497273224262, 0.9186500793365068, 0.9275571022840914, 0.9291304985532755, 0.9286104777524434, 0.9200634692054349, 0.9283438004186834, 0.9306238916223316, 0.9266904009493713, 0.9258103657479633, 0.9294638452204755, 0.9219302105417551, 0.9278237796178513, 0.9329173166926678, 0.9045028467805379, 0.9041161646465858, 0.9352774110964439, 0.9289704921530194, 0.9347173886955478, 0.9314639252236756, 0.9279037828179794, 0.9370908169660119, 0.9344773790951638, 0.9347840580289878, 0.9253436804138833, 0.8947291224982332, 0.9315972638905556, 0.9285038068189394, 0.9236236116111312, 0.937877515100604, 0.9165166606664267, 0.9314105897569236, 0.9351707401629399, 0.937877515100604, 0.9371041508326999, 0.938344200434684, 0.9317306025574357, 0.9277304425510354, 0.9385042068349401, 0.93717082016614, 0.9401042708375001, 0.9387708841687, 0.937717508700348, 0.9391042308359001]}