{"training_losses": [0.25355297650814057, 0.2122644147713979, 0.19970015983780226, 0.1913822327629725, 0.18552783396522204, 0.17970836192250253, 0.1761148139131069, 0.17262582778890928, 0.16980645676851272, 0.16791520292143028, 0.16570496802767118, 0.16328273504197596, 0.16107506475488345, 0.15993809593399366, 0.15924009585698445, 0.15695662059088547, 0.15641133546014627, 0.15487062315404415, 0.15447164798915386, 0.15422777578632038, 0.1525633617468675, 0.1524654219096899, 0.15221192656377952, 0.15122200122386217, 0.1503355955439806, 0.15003444828470547, 0.14936290363868077, 0.14870972061157225, 0.14810805091371138, 0.14806529789010683, 0.1474134344593684, 0.1468910986928145, 0.14704585953950883, 0.14665060946822167, 0.14624262319644293, 0.14683599670767783, 0.14684126500666142, 0.14613547571917376, 0.14534162616411844, 0.14538233513593674], "training_accuracies": [0.872100736691223, 0.8930481016033868, 0.8999583319443981, 0.9048501616720558, 0.9084269475649188, 0.913040434681156, 0.9159538651288376, 0.9183189439647989, 0.9204223474115804, 0.9218840628020935, 0.9238941298043268, 0.9255025167505584, 0.9269575652521751, 0.92778592619754, 0.9283709456981899, 0.9299043301443382, 0.9299326644221474, 0.9310410347011567, 0.9315560518683956, 0.9316410547018233, 0.9324710823694123, 0.9327877595919865, 0.9328727624254142, 0.9331577719257309, 0.9340694689822994, 0.9338694623154105, 0.9343228107603587, 0.9348228274275809, 0.9350528350945031, 0.935116170539018, 0.9352028400946698, 0.9354161805393513, 0.9357411913730458, 0.9359028634287809, 0.9361545384846162, 0.9356311877062569, 0.935994533151105, 0.9359461982066068, 0.9365495516517217, 0.9363178772625754], "validation_losses": [0.22479743742869673, 0.20337785157335755, 0.19588928567325328, 0.19333249311929812, 0.19533692664849714, 0.1823977631597942, 0.18067858505459697, 0.18139840590625894, 0.18230270712605645, 0.1784438743103217, 0.17238295540475776, 0.1696771990605652, 0.16870324970294173, 0.1715069168576092, 0.17805815479986703, 0.17164507462981873, 0.1667214035297034, 0.1685856011966257, 0.16624979821037825, 0.17174326083465472, 0.16628262987752415, 0.1697058348118284, 0.17029172599893563, 0.16475332892947264, 0.16816411679490878, 0.1648703197834539, 0.16268544545641692, 0.16745130213735865, 0.16839644198127024, 0.15909687653997256, 0.1614177303690515, 0.1699286885354283, 0.16619330090801795, 0.1752116694349073, 0.16438181575530195, 0.1620965657167245, 0.16380835633622262, 0.1703898592913499, 0.16769665926210325, 0.16299106324535678], "validation_accuracies": [0.890742296358521, 0.8998759950398016, 0.9041428323799618, 0.9067562702508101, 0.8979559182367295, 0.9128498473272264, 0.9162233155992906, 0.9185700761363788, 0.920196807872315, 0.9150632691974345, 0.922036881475259, 0.9264103897489233, 0.9275437684174034, 0.9265570622824914, 0.9237036148112591, 0.9269837460165073, 0.9293305065535955, 0.9287438164193235, 0.9295838500206675, 0.9306372254890196, 0.9313572542901716, 0.9275837700174674, 0.9299838660213076, 0.9338506873608278, 0.9307572302892115, 0.9317972718908757, 0.9323572942917717, 0.9331039908262997, 0.9333039988266197, 0.9329573182927318, 0.9314505913569876, 0.9315972638905556, 0.9346107177620439, 0.9313172526901076, 0.9341573662946517, 0.9339573582943318, 0.9341440324279637, 0.9339706921610198, 0.9343973758950358, 0.9316239316239316]}