{"training_losses": [0.48283803120751556, 0.3870940409011021, 0.35254220007404063, 0.31988133476407576, 0.31611898951019163, 0.30481905671183174, 0.27926207105666634, 0.2904971627712995, 0.2812350783694846, 0.29381594477608763, 0.28452294792053756, 0.2680688677859042, 0.28374108905183, 0.26938396130472886, 0.31288607673044316, 0.2732940562946287, 0.28123322228716724, 0.2780584124282437, 0.248868949065553, 0.28469610925542965, 0.2523423866571659, 0.2669243447873335], "training_accuracies": [0.7500183339444648, 0.8114520484016133, 0.8299493316443881, 0.8473482449414981, 0.8466182206073536, 0.8523967465582186, 0.8659755325177506, 0.8577052568418947, 0.8638254608486949, 0.8572985766192206, 0.8636387879595987, 0.8723107436914563, 0.8642721424047468, 0.8710373679122637, 0.8715440514683823, 0.8674639154638488, 0.8643821460715357, 0.8625570852361746, 0.8799976665888863, 0.8637787926264209, 0.8797459915330511, 0.8715840528017601], "validation_losses": [0.4263298871724511, 0.38490423284891273, 0.35665402373226723, 0.34365833954396946, 0.32191449366987546, 0.31714326468637166, 0.31224931453206345, 0.3169735592933456, 0.3137496354036447, 0.30342661309503244, 0.36057300304453993, 0.351513034546007, 0.36348639625514473, 0.3065063480221179, 0.28719693957007586, 0.2957094100819474, 0.2714418672830788, 0.27163358040272756, 0.2902873631248745, 0.30813954789830034, 0.2884062368754163, 0.2837929343879705], "validation_accuracies": [0.7836580129871862, 0.813605877568436, 0.8234862727842447, 0.8311665799965332, 0.843807085616758, 0.8484206034908063, 0.8489806258917023, 0.8467805378881822, 0.8545275144339107, 0.8540741629665186, 0.8579809859061029, 0.8353667480032535, 0.8219262103817486, 0.8462071816205982, 0.8621411523127592, 0.859341040308279, 0.8664746589863594, 0.8665279944531115, 0.8623411603130792, 0.8518207394962465, 0.8639945597823913, 0.8712348493939758]}