{"training_losses": [0.4671299014854431, 0.3883786958573262, 0.36430550899888076, 0.3516844103812923, 0.34140375759966674, 0.33454967843281724, 0.3267499990918736, 0.3206375307598027, 0.31637039317260185, 0.31016238492491344, 0.3066203469831745, 0.30469568725844226, 0.30213385246826335, 0.30200849748345715, 0.29812086733860277, 0.2947748197552996, 0.2935290124157816, 0.2920732349184901, 0.28912242725614457, 0.28998189708895983, 0.2925275478424629, 0.28585596143101655, 0.28933301394054045, 0.28708197706940275, 0.28645236580396694, 0.28698638228826223, 0.2824038585475584, 0.28489923661689276, 0.2805350638722752, 0.28086037718472384, 0.2811074696103235, 0.2799184770742183, 0.2811396309950389, 0.27827532801853494, 0.2761084260567526, 0.27574576858319344, 0.2781134887889066, 0.27501270226430147, 0.27648529019801565, 0.2742868994886925, 0.27745199758187555, 0.2729813837334017, 0.2774127644912084, 0.2744727738917743, 0.27403359787022075, 0.2747298968119021, 0.27226606722788266, 0.2748416801336532, 0.2754485267439174, 0.27288271219597005, 0.2726760168860449], "training_accuracies": [0.7527600920030668, 0.803441781392713, 0.8178639287976266, 0.824910830361012, 0.8316893896463216, 0.836242874762492, 0.8408896963232108, 0.8455098503283442, 0.8484099469982332, 0.8518917297243241, 0.8540268008933631, 0.8548901630054335, 0.8565618853961798, 0.8565952198406613, 0.8591436381212707, 0.8609820327344245, 0.8618053935131171, 0.8632371079035968, 0.8634754491816394, 0.8629204306810228, 0.8620320677355912, 0.8662738757958599, 0.8640038001266709, 0.8652921764058802, 0.8650288342944765, 0.8657938597953265, 0.8686056201873396, 0.867513917130571, 0.8695956531884396, 0.869670655688523, 0.867985599519984, 0.8688106270209007, 0.8685172839094637, 0.8701073369112303, 0.8718807293576453, 0.8722724090803027, 0.8703740124670822, 0.8723707456915231, 0.8710990366345545, 0.8730491016367212, 0.8708590286342878, 0.873022434081136, 0.8715223840794694, 0.8724307476915897, 0.8726240874695823, 0.8723524117470582, 0.8742908096936565, 0.8722690756358545, 0.8721124037467916, 0.8734774492483083, 0.873854128470949], "validation_losses": [0.40590689672091407, 0.38855330602065097, 0.35982284036788253, 0.34795258901469467, 0.3273338197739203, 0.32577922502933787, 0.3174424675240489, 0.3167933213074537, 0.31830539175773925, 0.3083314166953497, 0.3127027412628933, 0.32479959328555374, 0.30491206291668704, 0.2918064208348833, 0.3057274525691628, 0.29445540725835456, 0.2856757079844076, 0.28694548082269994, 0.30615506323049296, 0.283813725310666, 0.3027518493651164, 0.2810463039719668, 0.28512490023751447, 0.28926017096406526, 0.2815684160199149, 0.28306629133423017, 0.27740774565891657, 0.2844413277659998, 0.2790258053610937, 0.2783430520988151, 0.27914983845801455, 0.2784151196205553, 0.27151900199367196, 0.27549049646192664, 0.2796696673704454, 0.2748077893706023, 0.28467307870583625, 0.2823818082237567, 0.2746521735422998, 0.29323245127485836, 0.26876319040485636, 0.28476332723334036, 0.27486536283652113, 0.2758198285806015, 0.27178495938019437, 0.27181523314875805, 0.2939639099421231, 0.2766544135238873, 0.2705099898206825, 0.26945853877935716, 0.2697715981220122], "validation_accuracies": [0.780577889782258, 0.8064722588903556, 0.8245663159859727, 0.8288731549261971, 0.8413269864127898, 0.8461138445537821, 0.8425403682813979, 0.8505673560275744, 0.8402336093443737, 0.8513940557622305, 0.8554608851020707, 0.8387668840086937, 0.8518207394962465, 0.860501086710135, 0.8516073976292385, 0.860007733642679, 0.8664613251196714, 0.8637812179153833, 0.8408202994786458, 0.8667546701868075, 0.8499806658933023, 0.8673013587210155, 0.8689280904569516, 0.8665279944531115, 0.858874354974199, 0.8689547581903276, 0.8703681480592557, 0.8708481672600238, 0.8712615171273518, 0.8738616211315119, 0.8735816099310639, 0.8703814819259437, 0.875088336866808, 0.8686080776564395, 0.8672746909876395, 0.8763150526021041, 0.8730749229969199, 0.8673813619211436, 0.8644079096497194, 0.860114404576183, 0.8727415763297198, 0.8715281944611117, 0.8744216435324079, 0.875128338466872, 0.874728322466232, 0.8765150606024241, 0.8561809139032228, 0.8688480872568236, 0.8789551582063283, 0.875755030201208, 0.8740616291318319]}