{"training_losses": [0.4832396084310029, 0.3635004025532461, 0.30700544414808595, 0.2815112269241731, 0.2666472319809851, 0.2575370518097808, 0.2503824475996181, 0.24548101322539917, 0.24137901347937063, 0.2356323537735134, 0.23232048495027474, 0.2299593567027267, 0.22643298769550133, 0.22488463862332608, 0.22148397800097935, 0.21896783404706377, 0.21774958123764354, 0.21759372844593808, 0.21475285772957659, 0.21230589340837686, 0.21199125798470714, 0.20981955475002978, 0.2091345478614987, 0.20869626911166275, 0.20965973614008263, 0.21070725237985957, 0.20560620413032696, 0.20888557858236484, 0.20642225148009563, 0.2075789587085137, 0.20306502784512498, 0.2031762915677249, 0.20200844565521578, 0.19927883829853382, 0.19968207383048636, 0.2028243832522436, 0.19831523505481127, 0.19851428601185547, 0.1980556073582621, 0.19427437123113592, 0.2096407097843696, 0.20063184742902992, 0.1927309212847708, 0.18985148774625046, 0.18913473533554345, 0.18794530280177102, 0.18461413535411503, 0.18536058054330906, 0.19090242373540012, 0.18358842160126995, 0.1835516413688728, 0.1943214675629886, 0.1814379847356475, 0.18372977285538872, 0.18353194972051584, 0.18015321522608527, 0.18090193439786834, 0.18062253684319202, 0.18123493994283435, 0.18254711325925907, 0.18290413344681916], "training_accuracies": [0.7385229507650255, 0.8308376945898197, 0.8582786092869762, 0.8717990599686656, 0.8792359745324844, 0.882689422980766, 0.8856461882062735, 0.8881396046534884, 0.889614653821794, 0.8926080869362312, 0.8940264675489183, 0.8944314810493683, 0.896604886829561, 0.8975199173305777, 0.8993499783326111, 0.9002783426114204, 0.9004100136671223, 0.9011417047234908, 0.9023067435581186, 0.9035601186706224, 0.9026950898363278, 0.9042234741158038, 0.9044951498383279, 0.9041068035601186, 0.9022384079469316, 0.9055351845061502, 0.9057468582286076, 0.906743558118604, 0.9071602386746225, 0.9051568385612854, 0.9075802526750891, 0.907508583619454, 0.9080452681756058, 0.9100336677889262, 0.9096136537884596, 0.9089519650655021, 0.9102553418447281, 0.910925364178806, 0.9112370412347078, 0.9120970699023301, 0.9115770525684189, 0.9147754925164172, 0.9174522484082803, 0.9184356145204841, 0.920165672189073, 0.9206356878562619, 0.9221290709690323, 0.9215990533017767, 0.9211190373012433, 0.9231391046368213, 0.9228774292476416, 0.9219140638021267, 0.9236357878595953, 0.9236357878595953, 0.9233841128037601, 0.9247058235274509, 0.925024167472249, 0.9245708190273009, 0.9247008233607787, 0.924662488749625, 0.9248708290276343], "validation_losses": [0.38678226060483195, 0.3379761050472284, 0.2886776147517976, 0.28443208943601855, 0.2664532875479898, 0.24803152785809046, 0.24666525651079252, 0.25360468794903124, 0.240212869733084, 0.22703453276321145, 0.2364591643832051, 0.22619641470550192, 0.23181545532004597, 0.2278156397368334, 0.2265537400372066, 0.2282672862943601, 0.21224365531604958, 0.22236825632201865, 0.20769567456810598, 0.21328046358707975, 0.20379166877475338, 0.2105569533410074, 0.207121124014587, 0.21019643761034815, 0.20360997404113682, 0.2212110849634666, 0.2078455581998153, 0.19850420872621782, 0.20419911261432497, 0.19823634480075342, 0.2076417647082396, 0.19946328197051305, 0.19502502292687784, 0.24328726984891427, 0.19838554165533293, 0.20391639268220862, 0.22127730166921655, 0.20243310834977862, 0.2024556676787801, 0.20041905148343944, 0.19843229547111269, 0.20208347691161224, 0.19042512596596545, 0.1821495053660652, 0.18979149673463855, 0.18892488424837042, 0.18602376716633723, 0.17528711373246453, 0.1856607083785307, 0.18356721668765763, 0.1751206122415248, 0.18492641050363134, 0.34033310914648124, 0.17679493913011524, 0.19141807556507548, 0.18722031465214214, 0.18702219087976152, 0.17777935181306734, 0.18834079960379618, 0.17559810295227898, 0.1796049528841404], "validation_accuracies": [0.8229795858501007, 0.843780417883382, 0.8686480792565036, 0.8739549581983279, 0.8729682520634159, 0.890755630225209, 0.8867421363521207, 0.8889955598223929, 0.8945157806312253, 0.8979025827699775, 0.891315652626105, 0.8932890648959292, 0.8852487432830647, 0.8969158766350654, 0.9034628051788738, 0.8986892809045696, 0.9032494633118658, 0.8974625651692735, 0.9030094537114818, 0.906569596117178, 0.9086363454538181, 0.9034094697121218, 0.9072762910516421, 0.8992893049055296, 0.9075963038521541, 0.8901422723575609, 0.9017427363761217, 0.9100764030561223, 0.9081029907862981, 0.9103297465231943, 0.9089163566542662, 0.8989559582383295, 0.9126231715935305, 0.9041161646465858, 0.9095430483886022, 0.9028761150446017, 0.9017694041094977, 0.9103164126565063, 0.9106897609237703, 0.9133832019947464, 0.9124764990599624, 0.9009027027747777, 0.9190500953371468, 0.921796871874875, 0.9174233636012107, 0.9183967358694348, 0.922730242543035, 0.9274904329506514, 0.921570196141179, 0.9230502553435471, 0.9265037268157393, 0.9232635972105551, 0.8625545021800872, 0.9276771070842834, 0.922063549208635, 0.9244903129458512, 0.9249036628131792, 0.9284238036188114, 0.9248503273464271, 0.9277837780177873, 0.9268770750830033]}