{"training_losses": [0.33548614985624947, 0.25713076690306264, 0.2283624218488733, 0.21217717104295888, 0.20117751394679148, 0.19295150691568852, 0.1861298484704892, 0.18145105336815118, 0.1764433028629919, 0.17304243632405997, 0.17045025032803415, 0.16775953056136766, 0.16508840512295564, 0.1624838015619417, 0.16063322549107173, 0.15916566769912838, 0.1571641712239633, 0.15535498939479392, 0.15396171069294215, 0.15211459252772233, 0.15167981295342248, 0.15011126362229388, 0.14918578069359065, 0.14830973157768448, 0.14767839436064165, 0.1465701004519562, 0.14610504747375846, 0.1448637205379208, 0.14384195697553456, 0.1432674041555822, 0.14250791574252147, 0.14181930855867764, 0.14166139102635283, 0.14086564283815523, 0.14055001956981916, 0.13964229038427273, 0.13932681334833305, 0.1389096652497351, 0.13838055257407328, 0.13797580854150157, 0.13707733898808558], "training_accuracies": [0.8408196939897996, 0.8825694189806327, 0.8959165305510184, 0.9037567918930631, 0.9092919763992133, 0.9132321077369245, 0.9165155505183507, 0.9192356411880396, 0.921582386079536, 0.923022434081136, 0.9245991533051102, 0.9261825394179806, 0.9273209106970233, 0.9285559518650621, 0.9293893129770993, 0.9298876629220975, 0.9309460315343845, 0.9319443981466049, 0.9326694223140771, 0.9338277942598087, 0.9337161238707957, 0.9346878229274309, 0.9349528317610587, 0.9351778392613087, 0.9357395246508217, 0.9364712157071903, 0.9366262208740291, 0.9371012367078903, 0.9373179105970199, 0.9380179339311311, 0.9380646021534051, 0.9385429514317144, 0.938579619320644, 0.9392463082102737, 0.9392513083769459, 0.9394029800993366, 0.9398513283776125, 0.9402813427114237, 0.9402396746558218, 0.9404813493783126, 0.9410697023234108], "validation_losses": [0.26957430838178614, 0.24074567409256997, 0.2272127543997988, 0.20195772694898667, 0.19534890326039422, 0.1863752234524359, 0.1785560665549364, 0.17359973490588668, 0.1710379660475691, 0.1685250960596342, 0.16729021782077905, 0.16139599417945621, 0.16113612099156133, 0.1589542406997632, 0.15944751479766775, 0.154688424953943, 0.15466382927334013, 0.1550634209372348, 0.1506156397461539, 0.15174595018198886, 0.15089822245328605, 0.14683740233445178, 0.1530401798159355, 0.1437426976095382, 0.14599118150474497, 0.14395665054190365, 0.14485757728609258, 0.14168713272151545, 0.1405221071634441, 0.14640875182338514, 0.14185206560265914, 0.1444763055598997, 0.13963976981160925, 0.14093397783362877, 0.13814630745667475, 0.13474870204349906, 0.13553719502689643, 0.13945509551939092, 0.1359039146976721, 0.13588293599381332, 0.13568301455137333], "validation_accuracies": [0.8787418163393202, 0.8879421843540408, 0.8928623811619132, 0.9084230035868102, 0.9117431363921223, 0.9177300425350348, 0.9200101337386829, 0.9228369134765391, 0.9250903369468112, 0.9263303865487953, 0.9258770350814033, 0.9309039028227796, 0.9292505033534675, 0.9310239076229716, 0.9282104617518034, 0.9321706201581397, 0.9324372974918996, 0.9303972158886356, 0.9342507033614678, 0.9351307385628759, 0.9355040868301399, 0.9356374254970199, 0.9335973438937557, 0.937984186034108, 0.937530834566716, 0.937024147632572, 0.9361174446977879, 0.937997519900796, 0.9394909129698521, 0.93750416683334, 0.937717508700348, 0.937744176433724, 0.9395575823032921, 0.9395442484366041, 0.9410376415056603, 0.9425177007080283, 0.9417576703068122, 0.9401709401709402, 0.9415309945731163, 0.9420643492406363, 0.9421310185740763]}