{"training_losses": [0.0033525720658772657, 0.0019609561472830168, 0.001487463878375995, 0.0012582778212706842, 0.0010762598798093725, 0.0009493346439217337, 0.0008728870999662028, 0.0007856170263664753, 0.0007402070347191886, 0.0006881793557582679, 0.000625722228692345], "training_accuracies": [0.9548534951165039, 0.9752675089169639, 0.9815593853128438, 0.9844778159271975, 0.986961232041068, 0.9886479549318311, 0.9895796526550885, 0.9905780192673089, 0.9910313677122571, 0.9919880662688756, 0.9925180839361312], "validation_losses": [0.0027274297295246004, 0.00207105399627253, 0.0017925352203308751, 0.002292959536948604, 0.0017603535330660306, 0.0016960085727873928, 0.002099287527748243, 0.002013973083441449, 0.0028202586401780794, 0.0018790433929681482, 0.002206567029258542], "validation_accuracies": [0.9635318746083177, 0.9747989919596783, 0.9783724682320626, 0.9715855300878702, 0.9794791791671666, 0.9803458805018868, 0.9752123418270064, 0.9797058549008627, 0.9744789791591664, 0.9801325386348787, 0.9798791951678067]}