{"training_losses": [0.09021908396123599, 0.04916297654648622, 0.03684128526252656, 0.03042716708860981, 0.026021634563662906, 0.022813336990598666, 0.020496926444877172, 0.018720119822377625, 0.016997861621050058, 0.01603293506402076, 0.014745610901675263, 0.013959821132365281, 0.01364308054554059], "training_accuracies": [0.9625137504583486, 0.9811643721457382, 0.9860995366512217, 0.9888396279875996, 0.9902696756558552, 0.991634721157372, 0.9924164138804626, 0.9930597686589553, 0.9937747924930831, 0.9941398046601554, 0.9945998199939998, 0.9948681622720758, 0.9950798359945332], "validation_losses": [0.05968781069499578, 0.062149607740645776, 0.05033657048236279, 0.05928327837468431, 0.054137236538054787, 0.06058996533015975, 0.051122548352034794, 0.04933874946345472, 0.05765613342951736, 0.05588415395843511, 0.053474772992088325, 0.06226302692058991, 0.06642236828711898], "validation_accuracies": [0.9772524234302705, 0.9760657092950384, 0.9820259477045749, 0.9780391215648626, 0.9819726122378228, 0.9812259157032948, 0.983332666639999, 0.983959358374335, 0.982839313572543, 0.984799391975679, 0.984252703441471, 0.983412669840127, 0.9820526154379509]}