{"training_losses": [0.008304396360171802, 0.0075855504280189865, 0.007542372138587676, 0.007155971331276923, 0.007274718768205471, 0.007180605531622995, 0.007191011533247932, 0.0069502210003315815, 0.007040137494643365, 0.00693508701695077, 0.006967197488202998, 0.007097740139552818, 0.006912385341489215, 0.006933435226287273, 0.006797072447245548, 0.007026910936589233, 0.006873651329915863, 0.007006774278239467, 0.006807019184467542, 0.006830933810898715, 0.0067533785536204255, 0.006948484224469874, 0.006936651942422896, 0.006964634051039488, 0.006903151163176984, 0.006729758537511252], "training_accuracies": [0.6588869628987633, 0.6739574652488416, 0.6773425780859362, 0.6932397746591553, 0.6848594953165106, 0.6825260842028068, 0.6831111037034567, 0.6966565552185073, 0.6913847128237608, 0.6894929830994366, 0.6933214440481349, 0.6904563485449515, 0.6929147638254608, 0.6927197573252442, 0.6944848161605387, 0.6868362278742625, 0.6950581686056202, 0.6949164972165739, 0.6925464182139405, 0.6971549051635054, 0.6996666555551851, 0.7010917030567686, 0.690758025267509, 0.6947931597719924, 0.6958698623287443, 0.6980032667755592], "validation_losses": [0.006017610229742436, 0.00567802724517873, 0.004920489747759081, 0.004555137785447922, 0.005146013391929583, 0.0049073137766139745, 0.004806105222609691, 0.004823803056643382, 0.004335728106074221, 0.004131281309383434, 0.004346245934343727, 0.004231563955267259, 0.004725831303797317, 0.004056109997888933, 0.0044631128142858766, 0.004493392809596831, 0.0044637768481632645, 0.004361695890996669, 0.003916453824699174, 0.004008640110363955, 0.0037908492121354075, 0.004643901193847446, 0.004062025514295381, 0.004154675474992244, 0.0040878682450617, 0.0038688204491011454], "validation_accuracies": [0.8190194274437644, 0.8547141885675427, 0.8786751470058802, 0.8844353774150966, 0.8676080376548395, 0.8807685640758963, 0.8818352734109365, 0.8664213235196074, 0.8883155326213048, 0.889808925690361, 0.890928970492153, 0.8966358654346174, 0.8883822019547448, 0.9028894489112897, 0.8795151806072243, 0.8900222675573689, 0.8988892889048895, 0.8860754430177207, 0.9003293465071937, 0.8890488952891449, 0.9027561102444098, 0.8731282584636719, 0.8985426083710015, 0.8980625891702335, 0.9038094857127619, 0.9080229875861701]}