{"training_losses": [0.006635424313480977, 0.005597013094925808, 0.004991165635591014, 0.004452443675307617, 0.004453642489027608, 0.0046621201041717915, 0.003964620718454646, 0.003908685966165844, 0.0040715609301197235, 0.0038961409874126037, 0.004230046603203586, 0.0038380536192499613, 0.0039353741282717744, 0.0038882369264944838, 0.003712089328350141, 0.004211826197770673], "training_accuracies": [0.7791476382546085, 0.8210040334677823, 0.8417380579352645, 0.8589786326210874, 0.8602353411780392, 0.8560152005066836, 0.8778375945864862, 0.8815593853128437, 0.8780826027534251, 0.8831561052035067, 0.8740574685822861, 0.8863195439847995, 0.8836011200373346, 0.884736157871929, 0.8906846894896496, 0.8768608953631788], "validation_losses": [0.005348958744911573, 0.005282391660721918, 0.005107776861247367, 0.00497954858566005, 0.004798122770158077, 0.004546861823891908, 0.004635206326347918, 0.004648154377524786, 0.003964765415265798, 0.00394538117308322, 0.0037055512306638934, 0.0037731534325107507, 0.004045279293969312, 0.003834335534136938, 0.003951577529268936, 0.00400205721594883], "validation_accuracies": [0.828273130925237, 0.8264330573222929, 0.8391535661426457, 0.8478339133565342, 0.8543541741669667, 0.8623678280464552, 0.8613144525781031, 0.8644612451164714, 0.8837286824806325, 0.8864354574182968, 0.8928090456951612, 0.890448951291385, 0.8813685880768564, 0.8920223475605691, 0.8843020387482166, 0.8826353054122165]}