{"training_losses": [0.31847075718561807, 0.2552981644932429, 0.2375895153594017, 0.22772549736539524, 0.22034405676285426, 0.21670229080955186, 0.2120408879295985, 0.20936919223825137, 0.2054085809671879, 0.20229079622824986, 0.2009251893377304, 0.19917015122572582, 0.1970530829457442, 0.19508394122997919, 0.19317727614800134, 0.191347361651659, 0.19168317849914232, 0.1891926676996549, 0.18812902697761855, 0.18724717902143798, 0.18592537186106045, 0.1854442972246806, 0.18500829919377962, 0.1917013115088145, 0.18551831653555234, 0.18312507015069326, 0.1832163347752889, 0.18289914649685224, 0.18774873451550803, 0.1874933449025949, 0.18280530561089517, 0.18066483888983725, 0.20046659758726756, 0.18101123980402947, 0.1825185592552026, 0.1811685699391365, 0.18473285493870575, 0.18311212021350862], "training_accuracies": [0.8462298743291443, 0.8811377045901531, 0.8897163238774626, 0.8943098103270108, 0.8969715657188573, 0.89950498349945, 0.9009783659455315, 0.902606753558452, 0.9041418047268243, 0.9052535084502816, 0.9063635454515151, 0.9066068868962299, 0.9075452515083836, 0.9082836094536485, 0.9087519583986133, 0.9095719857328578, 0.909643654788493, 0.9104370145671522, 0.9108986966232208, 0.9114737157905264, 0.9122320744024801, 0.9125820860695356, 0.9126254208473615, 0.9122654088469616, 0.9132104403480116, 0.9136821227374246, 0.9136737891263043, 0.9138204606820227, 0.9136154538484617, 0.913218773959132, 0.9138754625154172, 0.9146388212940432, 0.9122204073469116, 0.9145588186272876, 0.913848794959832, 0.9141988066268876, 0.9140671355711857, 0.9150321677389246], "validation_losses": [0.2667622470344535, 0.2402997419175189, 0.23470664662223398, 0.22093450921920724, 0.23352630208775818, 0.2119866950677696, 0.2081341551945629, 0.22060426996247837, 0.19959780242013098, 0.19947491614410162, 0.20357705146662478, 0.20071651649706534, 0.196218119365493, 0.1954428724845617, 0.19802874666411163, 0.18921024101328063, 0.1897416827712323, 0.19042300674684812, 0.18490759090053946, 0.18302094719034478, 0.1856132685485613, 0.17834509005190044, 0.17974513216469953, 0.18460947083220958, 0.18653125926112463, 0.18440947826398207, 0.18850593145133918, 0.17695011908859615, 0.18297612895075838, 0.19587269857155973, 0.1778496099519962, 0.1781329228344994, 0.17754740253304285, 0.1936820239107672, 0.17793481499206285, 0.17860853648881783, 0.18182811855974623, 0.18259743404272546], "validation_accuracies": [0.8787551502060083, 0.889795591823673, 0.8915689960931771, 0.8987559502380095, 0.8921956878275131, 0.9015427283758017, 0.9051828739816259, 0.8979159166366655, 0.906302918783418, 0.906049575316346, 0.9041828339800259, 0.907009613717882, 0.9093563742549702, 0.9084763390535622, 0.9110897769244103, 0.9135698761283785, 0.9101164046561863, 0.9126898409269704, 0.9140898969292105, 0.9141298985292745, 0.9129031827939784, 0.9146899209301705, 0.9154499513313866, 0.9138765550622024, 0.9136765470618825, 0.9145432483966025, 0.9115964638585543, 0.9169966798671947, 0.9156766270650826, 0.9090896969212102, 0.9168633412003147, 0.9151699401309386, 0.9170766830673227, 0.9114631251916744, 0.9182367294691788, 0.9163033187994186, 0.9165833299998667, 0.9141832339960265]}