{"training_losses": [0.007460549074401184, 0.004043795768778634, 0.003077366483089684, 0.0030677351601025755, 0.002922500214281992, 0.0027152985434669486, 0.002643120241474732, 0.002401076658743386, 0.002647170642412132, 0.002519210950006587, 0.0025427362161704564, 0.0024697945583227344, 0.002246523074493114, 0.00234246427717992, 0.0021833342543400554, 0.0021634291065280014, 0.002131464547717127, 0.002228586719678352], "training_accuracies": [0.7068702290076336, 0.8835627854261808, 0.9116187206240208, 0.9124254141804726, 0.9166255541851395, 0.9221790726357545, 0.9239891329710991, 0.9305743524784159, 0.9242441414713823, 0.9275925864195473, 0.9273992466415547, 0.9292743091436381, 0.9345128170939031, 0.9321677389246308, 0.936106203540118, 0.9368628954298477, 0.9376245874862495, 0.9355261842061402], "validation_losses": [0.0047166163866532666, 0.0034804456775583696, 0.002877689714524977, 0.00293946042665663, 0.002564224982207822, 0.002504410510946188, 0.0027398258800381344, 0.0025364761563290857, 0.002587250309262821, 0.0023756204877263465, 0.0023384168504360535, 0.002296398958405096, 0.0021638075927098528, 0.0023317515335317452, 0.0022798411917858605, 0.00224911066762029, 0.0023382812251880546, 0.002320896835891912], "validation_accuracies": [0.8613544541781671, 0.8997159886395456, 0.9161699801325386, 0.9180233876021707, 0.9261303785484752, 0.9271437524167634, 0.9225169006760271, 0.9273970958838353, 0.9265437284158033, 0.9331439924263637, 0.9347973918956758, 0.9350107337626838, 0.937717508700348, 0.9328506473592277, 0.9342240356280918, 0.9350374014960599, 0.9341840340280277, 0.9342907049615318]}