{"training_losses": [0.006329224851300205, 0.005890991130209258, 0.005780688245729262, 0.005716515111220456, 0.005676045545224623, 0.005631365828545651, 0.005597759408739639, 0.005579965375158929, 0.0055717763565638415, 0.0055367094925464905, 0.005529176420643153, 0.005521153789663709, 0.005522681618253209, 0.005512122760314084, 0.005489361649093209, 0.005477182129482741, 0.005479202351816225, 0.005461383718851825, 0.005457337985636135, 0.005472347944927214, 0.0054505666672623135, 0.0054353289415690976, 0.005443028783837161, 0.005439833867908132, 0.005450105710925132, 0.0054389816564968645], "training_accuracies": [0.7127054235141171, 0.7293826460882029, 0.7337127904263475, 0.7319493983132771, 0.7362395413180439, 0.7338977965932197, 0.7347078235941198, 0.7366195539851328, 0.7314227140904697, 0.7402963432114403, 0.7371829060968699, 0.7402780092669755, 0.7383362778759291, 0.741389712990433, 0.7402246741558052, 0.7403063435447849, 0.7393529784326144, 0.7403830127670923, 0.7363062102070069, 0.7388862962098737, 0.7424730824360812, 0.74006300210007, 0.7436497883262776, 0.7433747791593053, 0.7453765125504184, 0.741254708490283], "validation_losses": [0.002379243277299515, 0.0019697646788775602, 0.0018056656625894984, 0.0017007230254055344, 0.0018424568575243219, 0.0019168490057543332, 0.0015531753260881066, 0.0015803729771784116, 0.0015380210905362331, 0.001564662320689888, 0.001526135940104276, 0.0014562789419147128, 0.0014507902697048001, 0.0014560484781420014, 0.001299860297678671, 0.0017578113637211395, 0.0014435369486360341, 0.001258513861781712, 0.0012569796899829701, 0.0013249492448600213, 0.0011111056986448486, 0.001341404570571718, 0.0012176238396382276, 0.0012836766574525187, 0.0017469324997497855, 0.0012020439447285387], "validation_accuracies": [0.9585050068669413, 0.9667453364801258, 0.969545448484606, 0.9715588623544942, 0.967705374881662, 0.9563049188634212, 0.9746256516927344, 0.9683854020827499, 0.9733456004906863, 0.9747856580929903, 0.9718388735549423, 0.9784258036988146, 0.9782524634318706, 0.9777457764977265, 0.9787724842327027, 0.9741723002253424, 0.9781057908983026, 0.9777991119644786, 0.9788258196994546, 0.9794258437004146, 0.9797058549008627, 0.9797191887675507, 0.9794925130338547, 0.9789324906329586, 0.9584650052668774, 0.9803592143685748]}