{"training_losses": [0.51828693359375, 0.4949955213165283, 0.4853484753640493, 0.4804433171526591, 0.477163755791982, 0.4749893518352509, 0.4727902816104889, 0.47120802706400555, 0.46945314399083454, 0.46859821641604105, 0.4679414321168264, 0.4670989898808797, 0.4655703822930654, 0.4647826819197337, 0.4639308948548635, 0.4634447691980998, 0.46362162528355916, 0.4621260295454661, 0.4624309522183736, 0.46121739380836485, 0.46114843410491946, 0.46144214261372885, 0.46121525070508324, 0.46124089474042257, 0.4600302552127838, 0.4599732340749105, 0.4602608895810445, 0.4591447644233704, 0.45932243416468305, 0.4588147253958384, 0.45840499588330585, 0.4593952660973867, 0.45917765648523967, 0.45844045033454894, 0.4579384589481354, 0.45764672717730204, 0.4582646365070343, 0.45826604570388796, 0.458060705909729, 0.45724309396743773, 0.45711591049194333, 0.45758764214515685, 0.4566286486085256, 0.45741559854825337], "training_accuracies": [0.6514250475015834, 0.6722890763025434, 0.6795543184772825, 0.679474315810527, 0.6860778692623087, 0.6828794293143104, 0.6834844494816494, 0.6825894196473216, 0.6866128870962366, 0.689321310710357, 0.6843944798159939, 0.6860195339844661, 0.6844278142604754, 0.6887929597653255, 0.69010800360012, 0.6889112970432347, 0.6867645588186273, 0.6893013100436681, 0.6894279809326977, 0.6911047034901163, 0.6910763692123071, 0.6874945831527718, 0.6856511883729458, 0.6894929830994366, 0.6956281876062536, 0.6947581586052869, 0.6886662888762959, 0.6867562252075069, 0.6883596119870662, 0.695254841828061, 0.6863628787626255, 0.6924197473249109, 0.6908463615453848, 0.6896829894329811, 0.6914163805460182, 0.6892163072102403, 0.6907396913230441, 0.6868462282076069, 0.6911463715457182, 0.6911330377679256, 0.6888246274875829, 0.6912463748791626, 0.6974882496083202, 0.6897879929330978], "validation_losses": [0.3973655281616376, 0.38946831598437065, 0.356446235585709, 0.35202304283500724, 0.3540970694045167, 0.34544282329699677, 0.34367187673338184, 0.3327012155262321, 0.3362978956340079, 0.33761038620011435, 0.33258292049063104, 0.32905528334238365, 0.3436309904036955, 0.33230413624906463, 0.3200691919001006, 0.3123091640009479, 0.3282189261978301, 0.32812508384796285, 0.3205873293508565, 0.31549116399640564, 0.3232011547069102, 0.3127030796966266, 0.3135201783557295, 0.30573796868955405, 0.32534405142184164, 0.33581734280943293, 0.3201006551100419, 0.31592913730737837, 0.31348791713215823, 0.31140206655988967, 0.3166447114160558, 0.31470879161509413, 0.323289230709842, 0.29695887866931536, 0.317961070213746, 0.3061155843818394, 0.3023047244877007, 0.3021879253005331, 0.31994043094694113, 0.30615744321472277, 0.32339518838612025, 0.31077583649516743, 0.323882883251058, 0.3210883330305471], "validation_accuracies": [0.8407536301452058, 0.8461005106870941, 0.8616744669786791, 0.858567676040375, 0.8639012227155752, 0.8656346253850155, 0.8672213555208875, 0.8654612851180714, 0.8694347773910956, 0.8712081816605998, 0.8713681880608558, 0.8734482712641839, 0.8697814579249836, 0.8647012547168553, 0.8709015027267757, 0.8739149565982639, 0.8780351214048562, 0.8758483672680241, 0.8692614371241516, 0.8735282744643119, 0.8762083816686, 0.8785951438057522, 0.8732215955304878, 0.8770084136698801, 0.8781017907382962, 0.875208341667, 0.8787951518060723, 0.8718882088616878, 0.8787151486059442, 0.8771950878035122, 0.8799951998079923, 0.8819686120778164, 0.875048335266744, 0.8760083736682801, 0.8799818659413043, 0.8802485432750643, 0.8805018867421364, 0.8785018067389362, 0.8803952158086323, 0.8804485512753844, 0.8723015587290158, 0.8797551902076083, 0.8777417763377202, 0.8805418883422004]}