{"training_losses": [0.40157824316928137, 0.28136960284874424, 0.2547277906615774, 0.2386715989884755, 0.23107136744552384, 0.22333218190187176, 0.21900462779246566, 0.21545303076819602, 0.21165062745502572, 0.21003209316572033, 0.20626217879608055, 0.20439523291372763, 0.2031805359160587, 0.2014091828882464, 0.20040708440892527, 0.19936647355986586, 0.19642473129262808, 0.19747963662792245, 0.193429128563882, 0.19452143154002807, 0.19272789437497506, 0.19296252488505083, 0.1948867741501851, 0.1920104009878415, 0.1913598762740179, 0.19086293008221616, 0.1902965823539539, 0.1874937351085732, 0.1863456520879371], "training_accuracies": [0.7935414513817127, 0.8709606986899563, 0.8839977999266643, 0.8912863762125404, 0.8946864895496517, 0.8979032634421147, 0.9004016800560019, 0.9015233841128037, 0.9031067702256742, 0.9044668155605187, 0.9058535284509484, 0.906293543118104, 0.9074069135637854, 0.9076669222307411, 0.9079202640088003, 0.9088452948431615, 0.9095436514550485, 0.9097919930664355, 0.9112470415680523, 0.9109770325677523, 0.9111803726790894, 0.9117203906796894, 0.9116437214573819, 0.9125604186806227, 0.9130287676255875, 0.9137687922930764, 0.9140171339044635, 0.9151371712390413, 0.9159638654621821], "validation_losses": [0.29293523312833275, 0.26082024644582263, 0.24079315384640199, 0.22615272853317833, 0.22224262746782814, 0.22705595393547992, 0.21968866195782533, 0.2159707495529929, 0.20716285278376595, 0.20906971628075077, 0.2335014626630626, 0.19406423002984519, 0.2009539390949175, 0.20370294978087247, 0.20207624319416614, 0.19353255143501297, 0.20010574543419957, 0.19289566053165738, 0.18780177351186744, 0.19688643930446212, 0.1946321043910177, 0.19461041464537304, 0.2100765582611214, 0.1927737499438228, 0.21962466456392116, 0.19840472530442915, 0.19723319197773295, 0.18962279560520007, 0.19484882899513226], "validation_accuracies": [0.8649279304505514, 0.8855954238169527, 0.8933157326293052, 0.8987426163713215, 0.9013960558422337, 0.8999026627731775, 0.9017694041094977, 0.9041294985132738, 0.9072762910516421, 0.9035294745123138, 0.8829019827459765, 0.9115297945251143, 0.9114497913249864, 0.906636265450618, 0.906036241449658, 0.9133432003946824, 0.9102497433230663, 0.9136498793285065, 0.9130365214608585, 0.9144899129298505, 0.9104230835900102, 0.9120498153259464, 0.9020360814432578, 0.9140232275957705, 0.9094363774550982, 0.9129165166606664, 0.9138765550622024, 0.9123564942597704, 0.9123031587930184]}