{"training_losses": [0.006594851319782633, 0.004304984009477332, 0.003982954854763354, 0.0037625592102434728, 0.003813465248445724, 0.0034749419560316315, 0.003511215872373878, 0.0033302313072976287, 0.00347173586136731, 0.003410557920036162, 0.0034094290973107557, 0.0031221840566743203, 0.003109860454535088, 0.0033616358864920356, 0.0030999660528499536, 0.003035209208591134, 0.003269153649709521], "training_accuracies": [0.7816377212573753, 0.8737691256375213, 0.8851278375945865, 0.8924080802693423, 0.8916597219907331, 0.9009116970565686, 0.8997366578885962, 0.9051518383946131, 0.9011283709456982, 0.9022984099469983, 0.9031301043368112, 0.9107870262342078, 0.9107736924564153, 0.9043084769492317, 0.9113653788459616, 0.9135004500150005, 0.9069585652855096], "validation_losses": [0.004919865584234878, 0.004484972386784461, 0.004040600831878177, 0.004057698524066166, 0.0036282393423311167, 0.0036427297082299525, 0.0031096747882419346, 0.0034980877902214343, 0.003223993995532533, 0.003991958671540717, 0.0032349320683121977, 0.002995416379357162, 0.003098083237996131, 0.003012626639201042, 0.0033041897904151703, 0.0033223460887252944, 0.003574885717919296], "validation_accuracies": [0.858541008306999, 0.8715281944611117, 0.8864887928850488, 0.8873554942197688, 0.8937957518300732, 0.8947291224982332, 0.9115297945251143, 0.9013827219755457, 0.9096763870554823, 0.8863687880848568, 0.9068362734509381, 0.9153432803978826, 0.9128498473272264, 0.9143165726629066, 0.906329586516794, 0.90595623824953, 0.9022227555768897]}