{"training_losses": [0.4523373452360596, 0.3498496327355544, 0.3231082288703045, 0.2976653097805066, 0.27904826218727813, 0.2635250171100281, 0.2571826892429077, 0.2440909273408632, 0.23780507071574747, 0.24147731913060866, 0.23355744210959117, 0.2360854681059343, 0.24825756294916598, 0.23292857418302457, 0.23735655590313312, 0.23566950265991982, 0.24128772999186257, 0.22481656025340552, 0.26511775997091913, 0.21658829837228918, 0.21843926376813166, 0.20828364411752193, 0.2783481327311201, 0.20907121720639885, 0.2392327960367319, 0.37562879868345017, 0.21210086441575943, 0.24572198573109044, 0.3345921123167428, 0.5238042021151055, 0.4289297620137431, 0.2703705105033835, 0.23507930552750902, 4.70183447736584, 14.017673013582142, 0.2935286577664465, 0.23000107943328368, 0.23817950101668325], "training_accuracies": [0.7653621787392914, 0.8285826194206474, 0.843366445548185, 0.8563235441181373, 0.8655371845728191, 0.873425780859362, 0.8793109770325678, 0.883926130871029, 0.8866362212073736, 0.8874245808193606, 0.88898296609887, 0.8888996299876663, 0.8870945698189939, 0.8909313643788126, 0.8903813460448682, 0.8956448548284943, 0.891343044768159, 0.8970582352745091, 0.8978832627754258, 0.899481649388313, 0.9012333744458149, 0.9046101536717891, 0.9034651155038501, 0.9059418647288243, 0.9030134337811261, 0.8990966365545519, 0.9041918063935465, 0.9007350245008167, 0.9049851661722057, 0.9057268575619187, 0.8951198373279109, 0.8951381712723757, 0.8982616087202907, 0.8929597653255108, 0.8893996466548885, 0.8884946164872163, 0.8943681456048534, 0.896494883162772], "validation_losses": [0.3665112534702221, 0.33876779131004, 0.30427464511455443, 0.3036301348627406, 0.26159196046845234, 0.2510967132177886, 0.24084349920533388, 0.24191649078994198, 0.23487726332962824, 0.23609645920899952, 0.22570216382040784, 0.28507875335711047, 0.22734117528028086, 0.22334081491995642, 0.22568008784651944, 0.7149676231897061, 0.2638235033612803, 0.2353375834256278, 0.21245027328799565, 0.20904755382809687, 0.20557705701955295, 0.3362208863493766, 0.206415142653128, 0.20514683144079435, 0.27933072033408135, 0.23833799413985646, 0.4186496749108642, 0.20222524424569685, 0.20981070559390552, 0.4579857386370931, 1.8642844142338626, 0.36141478408034194, 0.2706198779131964, 0.2414246278329286, 0.2569751530366189, 0.25613144054499914, 0.2220173620874184, 1.1819630453504206], "validation_accuracies": [0.8254463511873809, 0.7740576289718255, 0.8565542621704868, 0.8519140765630625, 0.8798485272744243, 0.8833286664799925, 0.8773550942037681, 0.8867421363521207, 0.8945291144979133, 0.8892622371561529, 0.8960891769004093, 0.8660613091190315, 0.8954358174326973, 0.8927157086283452, 0.8927823779617852, 0.8698614611251116, 0.8879421843540408, 0.8923156926277052, 0.9039694921130178, 0.905849567316026, 0.9047161886475459, 0.9019560782431297, 0.90655626225049, 0.9086363454538181, 0.9126631731935944, 0.8977559102364094, 0.8995693161059776, 0.9084763390535622, 0.9087030147872581, 0.8961825139672254, 0.8990226275717695, 0.9011027107750976, 0.8770350814032561, 0.8940357614304573, 0.8942491032974652, 0.8809952398095924, 0.8991026307718976, 0.8765950638025521]}