{"training_losses": [0.3307278983132044, 0.2897608245221774, 0.2765284642855326, 0.26764259161074955, 0.2617609790770213, 0.2566916975076993, 0.25290539501746495, 0.24883871629714965, 0.24609875585158666, 0.24341566976865134, 0.2414933673175176, 0.23834330907424292, 0.23706732824166615, 0.2352003733754158, 0.23376705546776452, 0.23194245388587315, 0.2306990228033066, 0.23049778544346491, 0.22916913299441338, 0.22876366320212682, 0.2259603560888767, 0.22641586848894754, 0.2257524682966868, 0.2251863745212555, 0.22390369494199752, 0.22310532144705456, 0.22319173448483148, 0.22315522609154384, 0.2205187040837606, 0.22250012119611104, 0.22189090393622715, 0.22163141970793407, 0.22090931999405225, 0.21995165016412735, 0.21959126767277717, 0.21974814395229023, 0.21820959183017413, 0.21844570933500926, 0.21806649208545684, 0.21816187244256338, 0.21720552930911383, 0.21643686902125678, 0.21806796649654706, 0.21713407514691352, 0.21511432506759962, 0.21683201335748037, 0.21563137666185697, 0.21563957423845928, 0.21583604846159618, 0.21516392696499825, 0.21403739214976628, 0.2144920931963126, 0.21475356315255165, 0.2136960193522771], "training_accuracies": [0.8351428380946031, 0.8567535584519484, 0.8637887929597653, 0.8678339277975933, 0.8703490116337211, 0.8726707556918564, 0.8756925230841028, 0.8779592653088436, 0.8802560085336177, 0.8825144171472382, 0.8844478149271643, 0.8866328877629255, 0.8880346011533717, 0.8891513050435015, 0.8899613320444015, 0.8913247108236941, 0.8923930797693257, 0.8924780826027534, 0.893434781159372, 0.8938914630487683, 0.894896496549885, 0.8947231574385813, 0.8952915097169906, 0.8957648588286277, 0.8967748924964165, 0.896986566218874, 0.8965415513850462, 0.8970065668855629, 0.8990583019433981, 0.8970832361078702, 0.8983182772759092, 0.898314943831461, 0.8988732957765259, 0.8993366445548185, 0.8990533017767259, 0.8994466482216074, 0.900335011167039, 0.9000083336111204, 0.9005333511117037, 0.8999799993333111, 0.9001933397779927, 0.9011150371679056, 0.9007483582786093, 0.9007016900563352, 0.9018350611687056, 0.9009683656121871, 0.9018100603353445, 0.9014783826127537, 0.9018683956131871, 0.9024634154471816, 0.9027984266142205, 0.9026600886696223, 0.9020700690023, 0.9029434314477149], "validation_losses": [0.29639908605258797, 0.28055739250623324, 0.27452848559268606, 0.26547530774722594, 0.2569843404220612, 0.25167843720635114, 0.24875775946119932, 0.25945156285190585, 0.2449084263307155, 0.2497640313257472, 0.23856309476981521, 0.24114332303246255, 0.23377130314947095, 0.23967746135455587, 0.23191460716492146, 0.2309191312693799, 0.2287067009839933, 0.2335830248130301, 0.22913388932107606, 0.23005097819759163, 0.22567561001802072, 0.2346724499996297, 0.22849906658885902, 0.227482826854776, 0.22813740590210568, 0.22460857385643976, 0.22725427995626482, 0.2287525036561762, 0.2267209674356848, 0.22310927980858283, 0.22513896769114342, 0.22457026312977318, 0.22843638934738952, 0.2185366890304852, 0.22097741312506372, 0.21919823127071064, 0.22278782539828274, 0.21736705288788602, 0.22170317990478416, 0.22440255562808087, 0.22426915412914675, 0.2219303168852043, 0.22223470691770963, 0.21641566028257211, 0.2180812498956091, 0.22070227747812954, 0.22122434019670634, 0.22285239291680836, 0.2255819097802629, 0.22718798725610334, 0.22152438842151354, 0.21694767111608002, 0.22754926253361515, 0.2204379357474503], "validation_accuracies": [0.8540341613664546, 0.8633545341813672, 0.8657679640518954, 0.8706214915263277, 0.8724215635292079, 0.8760750430017201, 0.8796485192741043, 0.876235049401976, 0.8804485512753844, 0.8830219875461686, 0.8886355454218169, 0.8865421283518007, 0.890742296358521, 0.8891022307558969, 0.8937290824966332, 0.8917423363601211, 0.8940224275637693, 0.8930490552955451, 0.8939690920970172, 0.8929023827619772, 0.8968492073016254, 0.8921023507606971, 0.8960225075669693, 0.8983292665039935, 0.8933424003626812, 0.8996093177060416, 0.8961691801005374, 0.8994359774390975, 0.8984226035708095, 0.8991026307718976, 0.8964891929010493, 0.8990626291718335, 0.8974092297025215, 0.9015693961091777, 0.9022094217102017, 0.9017694041094977, 0.9009160366414657, 0.9009693721082177, 0.9008760350414017, 0.8996626531727936, 0.8993159726389055, 0.9004893529074496, 0.9002493433070656, 0.9029694521114178, 0.9022894249103297, 0.9026227715775298, 0.9018894089096897, 0.9022360894435777, 0.9009693721082177, 0.8964358574342973, 0.9033428003786819, 0.9043428403802819, 0.9011560462418496, 0.8989692921050175]}