{"training_losses": [0.34667467525959017, 0.2813679452888171, 0.263076140054067, 0.25368575329701104, 0.24769531383196514, 0.2428119948196411, 0.23674968679825464, 0.23382282003680865, 0.2311737058353424, 0.22963029436747234, 0.22520774409890174, 0.22325965684016547, 0.22159540171543757, 0.2202456712492307, 0.2184689627536138, 0.2172147866586844, 0.21687310796101888, 0.21567935679515202, 0.21262957153081893, 0.21275094722906748, 0.2120350397404035, 0.21186069944461186, 0.21133067935109137, 0.21272139528671902, 0.20946586494127908, 0.20876046918431918, 0.21232872430880864, 0.21973418048540752, 0.20871349741975467, 0.22629701003074645, 0.20519456788539886, 0.22954363315780957, 0.20849726693789164, 0.2046499358733495, 0.2065032799088955, 0.22180329964876175, 0.20409852717955906, 0.20393209909121196, 0.204234393393596, 0.20499510001222293, 0.20440565947294234, 0.20395737070441247, 0.2092651789923509, 0.20994280928572018, 0.20111159213781357, 0.21462481090784072, 0.20217334572792053, 0.20565859750111898, 0.2342516817041238, 0.19949244520068168], "training_accuracies": [0.8308026934231141, 0.8680006000200007, 0.8768192273075769, 0.8820844028134271, 0.8846328210940365, 0.8875545851528385, 0.8904046801560052, 0.8919147304910163, 0.8933264442148071, 0.8939447981599387, 0.8960248674955832, 0.8968998966632221, 0.8973982466082203, 0.8984116137204573, 0.8990599686656222, 0.8992166405546852, 0.8996099869995666, 0.9003600120004001, 0.9011650388346278, 0.9010017000566686, 0.9014633821127371, 0.9016100536684556, 0.9021334044468149, 0.9020967365578852, 0.9027484249474983, 0.903350111670389, 0.901910063668789, 0.9013667122237408, 0.9029984332811094, 0.9014800493349778, 0.9039667988932965, 0.901481716057202, 0.9037301243374779, 0.9043934797826594, 0.9045684856161872, 0.9035617853928464, 0.9055101836727891, 0.9049601653388446, 0.9047368245608187, 0.9044434814493817, 0.9046018200606687, 0.9044951498383279, 0.9042118070602353, 0.9038167938931297, 0.9057668588952965, 0.9035951198373279, 0.9053201773392446, 0.9047134904496816, 0.9049651655055169, 0.906181872729091], "validation_losses": [0.286590960514193, 0.26874097194941127, 0.2524127331809203, 0.250159817940281, 0.24163563988253509, 0.2344942920556869, 0.22822171939128108, 0.22634404914366257, 0.23142583440445633, 0.22196427545958083, 0.22107974270629233, 0.22201065254986813, 0.2173793802521736, 0.2192111166034596, 0.22221317962483225, 0.21768955827146222, 0.21085551077032544, 0.21854796948413802, 0.20953868362738237, 0.20787769447146556, 0.21125088796766836, 0.20357149091375237, 0.20719211785224217, 0.21096401457764832, 0.21429102967623562, 0.20354229743393035, 0.20336059894435377, 0.21556213771841737, 0.20809106437193034, 0.21148537922025346, 0.20272496665188958, 0.21230325039178746, 0.21064771478177374, 0.20339498105457438, 0.19991722394698733, 0.19861266144950215, 0.19866963738069027, 0.19831326180145972, 0.21498920597997165, 0.19776996696835722, 0.2075241129335244, 0.49731799827261064, 0.20510755274466458, 0.20893599760570314, 0.19959418051335942, 0.1984111539632229, 0.2109220335963447, 0.20314556065468073, 0.20559441956540678, 0.20995752438821397], "validation_accuracies": [0.8647012547168553, 0.875155006200248, 0.8828486472792245, 0.8820086136778804, 0.8868621411523128, 0.890862301158713, 0.8943557742309692, 0.8952358094323773, 0.8944091096977212, 0.8981692601037374, 0.8993026387722176, 0.8985959438377535, 0.8992359694387776, 0.8987559502380095, 0.8983826019707455, 0.9007293625078336, 0.9011827139752256, 0.8974492313025855, 0.9015027267757377, 0.9045828499806658, 0.9028361134445377, 0.9041695001133379, 0.9030227875781698, 0.9021694201101378, 0.9033961358454338, 0.905676227049082, 0.90508953691481, 0.9030894569116098, 0.9046095177140419, 0.9038094857127619, 0.9044495113137859, 0.906142912383162, 0.9040628291798338, 0.906382921983546, 0.905636225449018, 0.9067696041174981, 0.9078763150526021, 0.9076363054522181, 0.9011293785084736, 0.907502966785338, 0.906062909183034, 0.9078763150526021, 0.8996359854394176, 0.9009960398415937, 0.9046628531807939, 0.9084363374534982, 0.9019160766430657, 0.9049028627811779, 0.9045828499806658, 0.9078363134525381]}