{"training_losses": [0.005790108855745838, 0.0038366539855567822, 0.003572793272301297, 0.0032853310398021657, 0.0033900087665134663, 0.003140829314375566, 0.0030488340307295615, 0.0029650309219823893, 0.0029918787361327462, 0.0029521054280553225, 0.0026778870131985797, 0.002917251760474773, 0.002599466816890793], "training_accuracies": [0.8125804193473116, 0.8881812727090903, 0.8975115837194573, 0.9057435247841594, 0.9029817660588686, 0.9102486749558318, 0.9126937564585487, 0.9146688222940764, 0.9139521317377246, 0.9143371445714857, 0.9215707190239675, 0.9156171872395746, 0.9239557985266176], "validation_losses": [0.004517861333402571, 0.0035287561574126203, 0.003566453475090643, 0.0030851432730695317, 0.002915694729552907, 0.002819340301679635, 0.0029117937479798124, 0.0027138518217807764, 0.0030055627964808594, 0.0027777099921095063, 0.003482051341893491, 0.002732657111639931, 0.002799862957376817], "validation_accuracies": [0.8701014707254957, 0.8961291785004734, 0.8987159486379456, 0.9105830899902663, 0.9165699961331787, 0.9173033588010187, 0.9172766910676428, 0.9204368174726989, 0.9125165006600264, 0.9189567582703309, 0.8997159886395456, 0.921943544408443, 0.921170180140539]}