{"training_losses": [0.3444373830040296, 0.2787689011422793, 0.25747840867598853, 0.24405569627046586, 0.23366858029842377, 0.2269553197113673, 0.22081354904731115, 0.2163789779829979, 0.2130281343360742, 0.20885226830681164, 0.2059135659190019, 0.2031290655016899, 0.20186365464369457, 0.19925993595639865, 0.20139851711591084, 0.19727154261509577, 0.20032837152282396, 0.18870583227038384, 0.18658554245253403, 0.18728753171841303, 0.18405429933269818, 0.18870967123230298, 0.18427842990517615, 0.177925190025568, 0.17963364912231763, 0.17609312098224958, 0.17262378760933875, 0.1711727304025491, 0.17085591100573538, 0.168162071467638, 0.17210393886268138, 0.16974778558532397, 0.24866013485252858, 0.1726539867846171, 0.16931849152425926, 0.16857217254738013, 0.20575359227776527, 0.16195679497043292, 0.17230471536099912, 0.171963912901481, 0.16497154630760352, 0.17277009499867757], "training_accuracies": [0.8321744058135271, 0.8657971932397747, 0.8763375445848195, 0.8833711123704123, 0.8887379579319311, 0.89267308910297, 0.8948614953831794, 0.8974749158305276, 0.8991333044434815, 0.9006866895563186, 0.9012183739457982, 0.9027384246141538, 0.9031717723924131, 0.9046034867828928, 0.9039834661155371, 0.9063218773959132, 0.9083669455648522, 0.9115720524017468, 0.9140538017933931, 0.915825527517584, 0.9185522850761692, 0.9196123204106803, 0.9220724024134138, 0.9228757625254175, 0.9237957931931065, 0.9243908130271009, 0.9257725257508583, 0.9260942031401047, 0.9272392413080436, 0.9279725990866362, 0.9277842594753158, 0.9276225874195807, 0.9275525850861696, 0.9267808926964232, 0.9290276342544751, 0.928844294809827, 0.9292509750325011, 0.9315377179239308, 0.9270675689189639, 0.926169205640188, 0.9307976932564419, 0.9290209673655788], "validation_losses": [0.295285277041472, 0.2613716506955429, 0.2559794611476322, 0.24580796947560193, 0.228494857523756, 0.218691857141594, 0.21345472794500164, 0.21497112174795124, 0.2030258051069698, 0.21215047484662428, 0.20996986982357446, 0.2023092085406012, 0.20074458721335167, 0.20370153079396203, 0.20292664887414874, 0.20122328584679808, 0.20777443713051227, 0.18752883498126244, 0.19965926220327782, 0.17499518021098742, 0.180727006349119, 0.23876344281063588, 0.20070078995801544, 0.17708297528401712, 0.18303832594716585, 0.1800989229857146, 0.16692297262048997, 0.18758048954199533, 0.17500126009220618, 0.1714097307766543, 0.17148326693430627, 0.16209958612271483, 0.19563580438543518, 0.16890500335713296, 0.16810176721423356, 0.16542337740013943, 0.17306168246668993, 0.16406650340258264, 0.20076203147399088, 0.17440141502248263, 0.16308994591633688, 0.18592546923677933], "validation_accuracies": [0.8587143485739429, 0.8734216035308079, 0.8813952558102324, 0.8870488152859448, 0.8941557662306492, 0.8963025187674174, 0.8985292745043135, 0.9016360654426177, 0.9046095177140419, 0.9038361534461379, 0.9029427843780418, 0.9043695081136579, 0.906049575316346, 0.905902902782778, 0.8967425363681214, 0.8963025187674174, 0.8850354014160566, 0.9165433283998027, 0.9136098777284425, 0.9229569182767311, 0.9237036148112591, 0.9228635812099151, 0.9247703241462992, 0.9270370814832594, 0.9255036868141392, 0.9228235796098511, 0.9285304745523154, 0.9269970798831954, 0.9239436244116431, 0.9298371934877395, 0.9228235796098511, 0.9317839380241877, 0.9145432483966025, 0.9302238756216915, 0.9319039428243796, 0.9321172846913877, 0.9308238996226516, 0.9342773710948438, 0.9111431123911623, 0.9258770350814033, 0.9318772750910036, 0.9269837460165073]}