{"training_losses": [0.3798605467271805, 0.32340793429533643, 0.30290243300437925, 0.28932726172367734, 0.2786647287162145, 0.27158884725491206, 0.2661099933457375, 0.2613042604513963, 0.25678402740955353, 0.2525110342637698, 0.25013664217472076, 0.24802071292320887, 0.2448377097439766, 0.24316259216070174, 0.23996591617266336, 0.23878263049602508, 0.23888944438139598, 0.23440897604227065, 0.2329251623471578, 0.23590080356876056, 0.23789561532656353, 0.22905360408941905, 0.23659897915919623, 0.22958122514486312, 0.22867420496384303, 0.22897954695622127, 0.22640617073098818, 0.26448236233870187, 0.2763256448721886, 0.21786705860098202, 0.21777876107931138, 0.21930227494239807, 0.21577158145229022, 0.21763270100514093, 0.21974147357344628, 0.21318509869774183, 0.2144996493045489, 0.2258651217810313, 0.26606431645154954, 0.2952808394364516, 0.21222678330540656, 0.21656278834581374, 0.21119998664577802, 0.21075342775026956, 0.20717503484408062, 0.20504808953960738, 23.767403452227512, 0.20443109843611718, 1.0751671493383248, 0.2050295587126414, 0.20512179109652837, 0.2060866574370861, 0.20987842375795046, 0.20154033269524574, 0.2017668273627758, 0.20726717302242914, 0.20171648752172788, 0.20252634317954382, 0.1997418330446879, 0.20471476778904596, 0.2023815330986182, 0.31673140055298804, 0.19766290764570235, 0.2503350827121735, 0.19366609740893045, 0.2177830147119363, 0.19823019924998284, 0.22290998800198236, 0.19804042228082816, 0.1921602559997638, 0.20171472765485446, 0.19911275352756183, 0.19478978101094563, 0.20110350541353225, 0.2210535188583533, 0.19186985969543457, 0.19495373233000438, 0.22220701069315274, 0.21275719057838122, 0.19420243280609448, 0.6158033426483472, 0.3227511281911532, 5.678467961524327, 0.192707145485878, 0.574357784122626, 0.19421480432073276], "training_accuracies": [0.8118170605686856, 0.8445364845494849, 0.856180206006867, 0.8633371112370413, 0.8690573019100637, 0.8726374212473749, 0.8755758525284176, 0.8785109503650121, 0.8798309943664789, 0.882217740591353, 0.8833094436481216, 0.8849711657055235, 0.8864912163738792, 0.8871545718190607, 0.887836261208707, 0.8893346444881496, 0.8887396246541551, 0.8898763292109737, 0.8902713423780793, 0.8903730124337478, 0.8903563452115071, 0.892491416380546, 0.8902980099336645, 0.8910147004900163, 0.8917613920464016, 0.8929164305476849, 0.8940064668822294, 0.8952198406613554, 0.8967448914963833, 0.8967748924964165, 0.8980116003866796, 0.8978449281642722, 0.8994499816660555, 0.9005283509450315, 0.9007300243341445, 0.9014350478349278, 0.9011700390013, 0.8999616653888463, 0.8917097236574553, 0.900381679389313, 0.9027550918363946, 0.9049418313943798, 0.9047134904496816, 0.9064685489516318, 0.906743558118604, 0.9077752591753059, 0.9072369078969299, 0.9100886696223207, 0.9086619553985132, 0.90908196939898, 0.9095836527884262, 0.9103803460115337, 0.9093719790659689, 0.9117503916797226, 0.9107420247341578, 0.9074752491749725, 0.9110103670122337, 0.9113053768458949, 0.912747091569719, 0.9132404413480449, 0.9138454615153838, 0.9153021767392246, 0.914950498349945, 0.9151121704056802, 0.9155938531284377, 0.913623787459582, 0.9143771459048635, 0.9120020667355578, 0.9153905130171006, 0.9167838927964266, 0.915557185239508, 0.916253875129171, 0.9158905296843228, 0.9159088636287877, 0.9169238974632488, 0.9176172539084636, 0.9162688756291877, 0.9106070202340077, 0.9139671322377413, 0.9181006033534451, 0.9188156271875729, 0.9118587286242875, 0.909015300510017, 0.9164222140738024, 0.9147238241274709, 0.9167388912963765], "validation_losses": [0.33058654534034587, 0.3025286800488028, 0.288562649831288, 0.2813047197032853, 0.2659645485718968, 0.26225072965426105, 0.26104030894767044, 0.26062827616602663, 0.2558229024862097, 0.2536649112922487, 0.2556809529882999, 0.24182787108730106, 0.24114330219218225, 0.235391868422008, 0.2960740721372718, 0.23070440133178974, 0.23631767010143095, 0.248697920840395, 0.22803287497363833, 0.2381605977441683, 0.23804176628969023, 0.22411709008337172, 0.23202927266551732, 0.21994346526986047, 0.23927278271139507, 0.22497445898916807, 0.22147303497570692, 0.22125091249982082, 0.21644191574641614, 0.21629138010503593, 0.21347468008531156, 0.22161268776840648, 0.23026398453892163, 0.21901960800096998, 0.20963821369177135, 0.21062208525129217, 0.22276398914108847, 0.21071701206938356, 0.2296437705620243, 0.21713420753267285, 0.21614315595589542, 0.21642959304863305, 0.2872443264739635, 0.2150471498962607, 0.208883013719385, 0.22775371548258272, 0.20601932044032623, 0.2044150688866038, 0.20640282134767768, 0.19839326800088222, 0.20548751468470605, 0.2082067381157386, 0.19991232999174846, 0.19721963645287816, 0.21468420050381495, 0.19946944129589558, 0.20276069886525355, 0.1945257809903387, 0.1995221808682847, 0.19838760993353335, 0.19980379773315862, 0.19945217949483587, 0.19347563941770424, 0.22501552227071095, 0.3250217938952421, 0.28014860332544556, 0.6778121958777134, 0.19261870337858122, 0.21123482710600083, 0.18646839929513984, 0.196175064603116, 0.219772721450731, 0.1910631163940304, 0.19456122647822338, 0.1940014013329282, 0.18582328388076683, 0.18665042622916497, 0.2038564174108475, 0.1917506817641401, 0.20000730314638443, 0.665619913461854, 0.21507058650937605, 0.19913019719684596, 0.18617733346804824, 0.21580044900617393, 0.18849413624245656], "validation_accuracies": [0.8421670200141339, 0.8553808819019427, 0.8643545741829674, 0.8707014947264557, 0.874194967798712, 0.8771284184700722, 0.8787018147392562, 0.8781417923383602, 0.8811685800765364, 0.8818886088776885, 0.8823686280784565, 0.8873154926197048, 0.8888755550222008, 0.8916623331599931, 0.8878221795538488, 0.8928757150286012, 0.8882755310212409, 0.8879421843540408, 0.8936624131631932, 0.891448991292985, 0.8886488792885049, 0.8946891208981692, 0.8900489352907449, 0.8959025027667773, 0.8890888968892089, 0.8941424323639612, 0.8967292025014334, 0.8945824499646653, 0.8964225235676093, 0.8981025907702975, 0.9007026947744576, 0.9001293385068736, 0.8974358974358975, 0.8972358894355774, 0.9035428083790018, 0.9030761230449218, 0.8978892489032895, 0.9042495033134659, 0.8972492233022654, 0.905929570516154, 0.8995826499726656, 0.8989426243716415, 0.905542888382202, 0.8929157166286652, 0.9093963758550342, 0.9090896969212102, 0.9077163086523461, 0.9111697801245383, 0.9095563822552902, 0.9124364974598984, 0.9093030387882182, 0.9089696921210182, 0.9132898649279304, 0.9131698601277385, 0.9023294265103937, 0.9132498633278664, 0.9089296905209542, 0.9149832659973065, 0.9179033828019787, 0.9146632531967945, 0.9158766350654026, 0.9149965998639945, 0.9172233556008907, 0.9041428323799618, 0.9157566302652106, 0.9099030627891782, 0.891382321959545, 0.9175033668013387, 0.9186500793365068, 0.9199701321386189, 0.9142099017294025, 0.907449631318586, 0.9192367694707788, 0.920756830273211, 0.9181033908022987, 0.921236849473979, 0.9229835860101071, 0.9106364254570183, 0.9194101097377229, 0.9174500313345867, 0.9118898089256904, 0.9009427043748417, 0.9146232515967305, 0.9196101177380429, 0.9018227395762497, 0.9201701401389389]}