{"training_losses": [0.007048422715932855, 0.006567322170252784, 0.006435007325178099, 0.006361386113288764, 0.0063057046437141094, 0.006253842919416207, 0.006221680843995815, 0.006199743841124708, 0.006189424900225732, 0.006162289837286184, 0.006175022963050119, 0.006143603678302823, 0.0061146107956192375, 0.0061141949202743046, 0.006111880400255603, 0.006105536464311794, 0.006081048720564229, 0.0060756206767021165, 0.006073160935109479, 0.006060794166307369, 0.006057990688196424, 0.006059993064751438, 0.006046201747994037, 0.0060359331060270095, 0.00604479668440352, 0.006041498010763705], "training_accuracies": [0.7237791259708657, 0.7376062535417848, 0.741434714490483, 0.7429430981032701, 0.7442914763825461, 0.745549851661722, 0.7463048768292276, 0.7474532484416148, 0.7475965865528851, 0.7485799526650888, 0.7476582552751758, 0.7482566085536184, 0.7494549818327277, 0.7497166572219074, 0.7500566685556185, 0.7494966498883296, 0.7502100070002333, 0.7501966732224408, 0.7502383412780426, 0.7509166972232407, 0.7512300410013667, 0.7500800026667556, 0.7507816927230908, 0.7515383846128204, 0.75175505850195, 0.750786692889763], "validation_losses": [0.0030551296560648628, 0.0027299547506344835, 0.0024107178735959063, 0.0026141750380300082, 0.0024580522022193334, 0.0021875688247434797, 0.0023228669285540572, 0.0022282101792020876, 0.002230211756911369, 0.0020418572398343575, 0.002471213006951967, 0.0019707758107935553, 0.002073985286382748, 0.0020273406214670626, 0.0022152506326358107, 0.0018248387297615234, 0.001993579413205215, 0.001992887238004976, 0.001927562381340087, 0.0020177879721672964, 0.0017038864598481092, 0.001957623059318255, 0.0018238010406788202, 0.0017379432325935577, 0.0019041015304668647, 0.002038535743495605], "validation_accuracies": [0.9449177967118685, 0.9509980399215968, 0.9564782591303652, 0.9453711481792605, 0.9602384095363815, 0.9603317466031974, 0.9597183887355494, 0.9647585903436138, 0.9592917050015334, 0.9657186287451498, 0.9507446964545249, 0.9668786751470059, 0.9558115657959652, 0.9670786831473259, 0.9594250436684134, 0.9661586463458538, 0.968865421283518, 0.9652919450111338, 0.9694387775511021, 0.967772044215102, 0.969078763150526, 0.9631451924743657, 0.968625411683134, 0.9670120138138859, 0.9703188127525101, 0.9606384255370215]}