{"training_losses": [0.007117940219842977, 0.005477947105787024, 0.005469706701624108, 0.004939180769597486, 0.005016660186175992, 0.004966873432681511, 0.004860994101477006, 0.005056871701575415, 0.0044048651283173776, 0.004515018728896686, 0.004318914853871089, 0.004632506420199808, 0.004798832565448461, 0.004744666955628649, 0.00468994653793673, 0.004300440098128979, 0.004376847405711802], "training_accuracies": [0.7593769792326411, 0.8220290676355878, 0.8215040501350045, 0.8375629187639588, 0.836419547318244, 0.8387179572652421, 0.8427330911030367, 0.8381562718757292, 0.8602820094003133, 0.8573185772859095, 0.864118803960132, 0.8552985099503316, 0.8509583652788426, 0.8527317577252576, 0.8551568385612853, 0.8677505916863896, 0.8652355078502617], "validation_losses": [0.0060903626759149804, 0.005356281119524376, 0.005121419637443982, 0.0052950768877012885, 0.005383968614213672, 0.004510100304538474, 0.0051091316458272105, 0.0044767974838097625, 0.004729615869014338, 0.005514070564838224, 0.004880163892962995, 0.004210556582213863, 0.004749740741673391, 0.00428933176016868, 0.00424009327582349, 0.004426383367439757, 0.004840981748100575], "validation_accuracies": [0.8054322172886915, 0.8290064935930771, 0.8371934877395096, 0.8229662519834127, 0.8209795058469005, 0.8486872808245663, 0.8411936477459099, 0.8541675000333346, 0.8497006546928544, 0.8397135885435417, 0.8502206754936864, 0.8700881368588077, 0.8569809459045028, 0.8666613331199915, 0.8635278744483113, 0.8565542621704868, 0.8578476472392229]}