{"training_losses": [0.006007904523035542, 0.004151348277547868, 0.003449804649188764, 0.0031479871386200504, 0.0029544749888504524, 0.0026635314917204745, 0.002836202088146215, 0.0028147658592294214, 0.002444056034669595, 0.0023487373476139915, 0.0023537983967507523, 0.0023121664477780404, 0.0022878361795941773, 0.0022666077155421324, 0.0022727388358010398, 0.0021520107080202546, 0.0022533611241423138, 0.0022285458178479224, 0.002244989889498982, 0.00208795558887543, 0.0019582651584452004, 0.0021270017720797824, 0.0020325586905109013, 0.002149899296383791, 0.002123474119616695], "training_accuracies": [0.8085352845094836, 0.8789976332544418, 0.9002500083336111, 0.9090186339544651, 0.9148921630721024, 0.9232541084702823, 0.9191789726324211, 0.921447381579386, 0.933879462648755, 0.9370529017633921, 0.9378795959865329, 0.9387412913763792, 0.9399763325444181, 0.9408313610453681, 0.9409530317677256, 0.943863128770959, 0.9410097003233441, 0.9422230741024701, 0.9417747258241942, 0.9462215407180239, 0.9491699723324111, 0.9451931731057702, 0.9476015867195573, 0.9448598286609554, 0.945391513050435], "validation_losses": [0.005628118016171742, 0.0032649301820351327, 0.002994796861505264, 0.003370690398069818, 0.003206735217562827, 0.0028984534645603373, 0.002898845337989584, 0.0023847725047667565, 0.0023429637225811043, 0.002785387805526748, 0.0023457007905483803, 0.002198963460232853, 0.00253425039410412, 0.002168832007300518, 0.0021356816486260304, 0.0019746367309921645, 0.0022993999248724977, 0.0020201210437980296, 0.0020215630099847774, 0.0019226653452470936, 0.002143638921579304, 0.002198191168043043, 0.002112327392798489, 0.0020682533625367905, 0.002141537413050464], "validation_accuracies": [0.8229929197167887, 0.906009573716282, 0.9138765550622024, 0.905609557715642, 0.9023294265103937, 0.9193434404042828, 0.9173700281344587, 0.9352507433630679, 0.9390642292358361, 0.9258903689480913, 0.937984186034108, 0.9435710761763804, 0.9342507033614678, 0.9443577743109725, 0.9428910489752923, 0.9492379695187807, 0.9409976399055963, 0.9489179567182687, 0.9485446084510047, 0.9516914009893729, 0.9453844820459485, 0.9456778271130846, 0.9471045508487006, 0.9473978959158367, 0.9424110297745243]}