{"training_losses": [0.39137829155388754, 0.257004669202607, 0.22788215280752683, 0.21079126314810903, 0.20008162454779194, 0.19491355830398457, 0.18766442561757438, 0.18376186644826398, 0.18187716971922355, 0.1774411688552334, 0.17609536315772165, 0.17359263501838365, 0.171411341953395, 0.16880420246481176, 0.16822736079626133, 0.16676627715187484, 0.16481280793348274, 0.16440327115342573, 0.1621464166089534, 0.1630666144584793, 0.16044332767734795, 0.160593326214313, 0.1606104655532182, 0.15895998046333304, 0.16097640412073322, 0.15783186197646873, 0.15785115965111493, 0.15703066082421027, 0.15548387988670206, 0.15589175953580198, 0.15922817389196253, 0.1556031924329816, 0.15554362898160576, 0.15566497785311764, 0.15360284588363318, 0.15353072623694505, 0.1560591190191563], "training_accuracies": [0.8001416713890463, 0.884736157871929, 0.8982816093869795, 0.9056068535617854, 0.9095519850661689, 0.9120687356245208, 0.9149921664055468, 0.9167288909630321, 0.9170689022967432, 0.9194723157438581, 0.9194589819660656, 0.9213073769125637, 0.9219107303576786, 0.9233757791926398, 0.9231924397479916, 0.9243424780826027, 0.925110837027901, 0.9248958298609954, 0.9262675422514084, 0.9258908630287677, 0.9266542218073935, 0.9273525784192806, 0.926934231141038, 0.9277075902530084, 0.9280059335311177, 0.9283559451981733, 0.9284042801426714, 0.9286242874762493, 0.9293059768658956, 0.9293759791993066, 0.9284142804760158, 0.9293309776992567, 0.9294843161438715, 0.9292143071435714, 0.9300976699223308, 0.9304010133671122, 0.9298526617553918], "validation_losses": [0.3054561374304944, 0.23661154090657271, 0.21730096528401247, 0.19271002428718226, 0.1927910525509365, 0.1870507400945608, 0.18231342241747134, 0.18224674305494024, 0.17933378629899557, 0.18103801316510432, 0.1986897109882916, 0.16687271698585973, 0.1674380857541315, 0.1664040792778755, 0.16417848913935848, 0.16914880464616158, 0.15827180478575378, 0.16081125871938057, 0.17216327150258803, 0.16766290486520294, 0.17125091005192944, 0.1582787176314497, 0.15522515818325736, 0.15686097239935992, 0.1607782828188635, 0.161247109998835, 0.1506283946675574, 0.16953913230429699, 0.15708352239441123, 0.1546307081740817, 0.15240330172703392, 0.17366781773016968, 0.16129314859479943, 0.15858986643033918, 0.16961103541687544, 0.165665973275064, 0.15349299471294095], "validation_accuracies": [0.859314372574903, 0.8926757070282811, 0.906636265450618, 0.9137432163953225, 0.9137565502620105, 0.907476299051962, 0.9186500793365068, 0.9176367054682187, 0.9192234356040908, 0.9187167486699468, 0.906649599317306, 0.9234369374774991, 0.9243303065455951, 0.9260637092150352, 0.9266237316159313, 0.9249569982799312, 0.9273704281504593, 0.9280904569516114, 0.9165699961331787, 0.9249569982799312, 0.9243036388122191, 0.9293038388202195, 0.9315972638905556, 0.9286504793525074, 0.9273704281504593, 0.9277437764177233, 0.9308905689560916, 0.9263037188154193, 0.9260637092150352, 0.9305172206888276, 0.9323972958918356, 0.9240769630785232, 0.9237836180113871, 0.9307572302892115, 0.920703494806459, 0.9268504073496273, 0.9307572302892115]}