{"training_losses": [0.5626437062454224, 0.5413647504488627, 0.5338417588265737, 0.5307436710993448, 0.5272546270656586, 0.5257928832054138, 0.5232751941935221, 0.5213547101783752, 0.5194621614519755, 0.5189792991828919, 0.5181292217222849, 0.5173650060431163, 0.5175570247077942, 0.5165347344684601, 0.5155425072479248, 0.5145296429443359, 0.5144687618319194, 0.5132910207176209, 0.5129837109565735, 0.5127684563223521, 0.5120224593385061, 0.5128704543654123, 0.5123689438788096, 0.511877643070221, 0.5124755179945628, 0.5112519228394826, 0.5106101951535543, 0.511852782869339, 0.5109842767270406, 0.5107258234373728, 0.5100677059491475, 0.5096626253000895, 0.5096280884901683, 0.5091006624952952, 0.5084969790681203, 0.509630111732483, 0.5088171065394084, 0.5088801836077372, 0.5087779447937012, 0.509175889450709, 0.508209346927007, 0.508139652522405, 0.507741754989624, 0.5078974890232086, 0.5079011360359192, 0.5073982220808665, 0.5072570971457163, 0.5066962773100535, 0.5064516028181711, 0.507827528591156, 0.5061446535301208], "training_accuracies": [0.6356011867062236, 0.6466265542184739, 0.6529334311143705, 0.6454648488282942, 0.6459798659955331, 0.654655155171839, 0.6551218373945799, 0.6556185206173539, 0.6626554218473949, 0.6557251908396946, 0.6504883496116537, 0.6589452981766059, 0.6579819327310911, 0.6573869128970966, 0.6608386946231541, 0.6626437547918264, 0.6599969998999967, 0.6594919830661022, 0.6588969632321078, 0.6583969465648855, 0.6624020800693357, 0.6597419913997133, 0.6598719957331911, 0.6642938097936598, 0.6531384379479316, 0.6594053135104504, 0.6570202340078003, 0.6642454748491616, 0.6621070702356745, 0.661128704290143, 0.6682222740758025, 0.6626087536251208, 0.6663188772959099, 0.66173705790193, 0.6626720890696357, 0.6530234341144705, 0.6669655655188507, 0.6616853895129837, 0.6660122004066802, 0.660858695289843, 0.6561302043401447, 0.6684839494649821, 0.6590703023434115, 0.6654255141838061, 0.6647621587386247, 0.6668105603520117, 0.6724624154138471, 0.6664138804626821, 0.662768758958632, 0.6657921930731024, 0.6665988866295544], "validation_losses": [0.4765871235088243, 0.45344564328797565, 0.4614932327457204, 0.440789869460933, 0.4315724255265248, 0.437786484145212, 0.4431325731971488, 0.42266402533474073, 0.43744535270766355, 0.430378094080252, 0.42228207891117264, 0.42940716071462043, 0.4177123755563344, 0.42044752604395663, 0.4272899171891831, 0.4450682837874848, 0.41112902048497074, 0.41375638892242933, 0.42008350316730353, 0.4154421283228457, 0.4056776019294871, 0.4186678137784892, 0.41189962393059015, 0.4058146382350067, 0.417399899156182, 0.4054780488933087, 0.40863819048239713, 0.4149041334852068, 0.41262188961231927, 0.40313257839515176, 0.4142665905259091, 0.4176009235891763, 0.42571530661950796, 0.41528359224284417, 0.40279074087582784, 0.41100174348954316, 0.4148306659146008, 0.4124515126845028, 0.4060169580573311, 0.40847141856840985, 0.39155273811387387, 0.42201965301101657, 0.4098074404771048, 0.40147981531131327, 0.4002017786797231, 0.39946372998961704, 0.39278999522545904, 0.3985672446170472, 0.4024939767449399, 0.39989016658535903, 0.40851267804005975], "validation_accuracies": [0.780284544715122, 0.7917383362001147, 0.7915783297998586, 0.8004853527474433, 0.8025121004840193, 0.8018320732829313, 0.7858180993906423, 0.8087790178273797, 0.8100457351627398, 0.8068589410243077, 0.8117524700988039, 0.8133125325013001, 0.8158192994386442, 0.813539208234996, 0.8100457351627398, 0.812739176233716, 0.813072522900916, 0.8146325853034121, 0.813605877568436, 0.8182327293091723, 0.8196594530447885, 0.8183260663759884, 0.8194994466445324, 0.8193527741109644, 0.8184727389095564, 0.8218995426483726, 0.8180060535754764, 0.8209928397135885, 0.8216328653146125, 0.8222328893155726, 0.8220195474485646, 0.8219262103817486, 0.8160193074389642, 0.8204461511793805, 0.8213661879808526, 0.8143659079696521, 0.8240329613184527, 0.8178727149085964, 0.8240329613184527, 0.8237396162513168, 0.8204461511793805, 0.812659173033588, 0.8234062695841167, 0.8243663079856528, 0.8238862887848847, 0.8227262423830286, 0.8255396882541969, 0.8265530621224849, 0.8236729469178767, 0.8233662679840527, 0.8206194914463245]}