{"training_losses": [0.004599995219287063, 0.003982571921622981, 0.003750655096671379, 0.003621417198141037, 0.0035420810439549663, 0.003459031152719607, 0.0034075117430051862, 0.0033597515700192183, 0.003303000279048591, 0.0032687178252463482, 0.003227614878536725, 0.0031780259472248855, 0.003151743355749162, 0.0031259977934314726, 0.0031001725925186713, 0.0030668345891301098, 0.003075490354945989, 0.0030372268056636743, 0.0030172984574222696, 0.0029995474052957613, 0.002968157686425005, 0.0029743615950968225, 0.0029560541290961336, 0.0029479894828673596, 0.002931097075598323, 0.002909600495892998, 0.002930979963602257, 0.0029106489373494876, 0.002904167333274137, 0.002890415041810495, 0.0028812106239966655, 0.0028692061836235547, 0.002868095607149372, 0.002863303638313936, 0.0028639568087523086, 0.0028534257335573374, 0.002852525536466779, 0.002846735198716469, 0.0028259246000161553, 0.002839604160293642, 0.0028283850116866773, 0.0028198548103945805, 0.0028238341848200897, 0.0028185147951300285, 0.002806416590048258, 0.0028123562451863177, 0.0027900756897050938, 0.0027885739693821795], "training_accuracies": [0.8534067802260076, 0.8744174805826861, 0.8816060535351178, 0.8859328644288142, 0.8883596119870663, 0.8909980332677756, 0.8929830994366479, 0.8952165072169073, 0.8980416013867129, 0.9000750025000833, 0.9015917197239908, 0.9043801460048668, 0.9056485216173873, 0.9068518950631688, 0.9079869328977632, 0.9092936431214373, 0.9091803060102004, 0.9110303676789226, 0.9110870362345411, 0.9125954198473283, 0.9137287909596986, 0.9140688022934098, 0.9143321444048135, 0.9148188272942431, 0.9153805126837561, 0.9161805393513117, 0.9155255175172505, 0.9156905230174339, 0.9169672322410747, 0.9172589086302877, 0.9175455848528284, 0.917693923130771, 0.9179655988532951, 0.9179655988532951, 0.9178389279642655, 0.9179339311310377, 0.9186122870762359, 0.9188639621320711, 0.9192173072435748, 0.9189806326877562, 0.9194889829660988, 0.9192589752991767, 0.919537317910597, 0.9197589919663989, 0.92027900930031, 0.9202223407446914, 0.9205890196339878, 0.9208073602453415], "validation_losses": [0.004056998342106733, 0.003874108196497011, 0.003700506156244499, 0.0036452645013091934, 0.003523613911306915, 0.003527595002488257, 0.0034663149247309752, 0.0033876503959514906, 0.0033667498155964394, 0.0033970287204216337, 0.0034170893064031237, 0.0032334178639449795, 0.0032571117262450077, 0.0031983487349054865, 0.0032949792387964045, 0.003219870014380749, 0.00321825370248161, 0.003158446595328858, 0.003074120299798917, 0.0031359103665047697, 0.0031328614409401245, 0.003093264567288456, 0.0030736243983755934, 0.003176537563499216, 0.0030713288076046597, 0.003112262676206829, 0.0031021455036366256, 0.003088378280535147, 0.0030120254906668372, 0.0029746247363707724, 0.0030539310265632036, 0.002972797902180821, 0.002954618166428031, 0.00297806971229631, 0.003007587814759192, 0.0030064921115459387, 0.0029922400256468472, 0.002925205065025219, 0.0029795235183468923, 0.003002242022783519, 0.002997912188856621, 0.003048941505949219, 0.003011317115915294, 0.00299233375536543, 0.003001981521985743, 0.003037618311512958, 0.002932044674716781, 0.002940004194383804], "validation_accuracies": [0.874234969398776, 0.8786084776724402, 0.8850620691494326, 0.8867554702188087, 0.8897022547568569, 0.8874354974198968, 0.8930890568956091, 0.8963425203674814, 0.8987159486379456, 0.9000226675733696, 0.9009960398415937, 0.905049535314746, 0.9045961838473539, 0.9079563182527302, 0.905982905982906, 0.9079563182527302, 0.9079296505193541, 0.9106364254570183, 0.9139432243956425, 0.9114631251916744, 0.9133298665279944, 0.9127031747936584, 0.9134098697281224, 0.9129031827939784, 0.9168366734669386, 0.9126631731935944, 0.9116364654586183, 0.9157699641318986, 0.9152099417310026, 0.9173966958678347, 0.9149432643972426, 0.9166766670666827, 0.9175700361347787, 0.9155299545315146, 0.9179967198687947, 0.9163566542661706, 0.9189300905369548, 0.9168766750670027, 0.9178500473352268, 0.9195167806712269, 0.9196101177380429, 0.9144899129298505, 0.9192767710708428, 0.921303518807419, 0.9149032627971786, 0.9165566622664907, 0.9203834820059469, 0.9203834820059469]}