{"training_losses": [0.007410730978937307, 0.005982085277377847, 0.005579169123043324, 0.005249377481285824, 0.00536239025457682, 0.005127322350011163, 0.004800568970233275, 0.005045100176285193, 0.004903228960135824, 0.00475962183955721, 0.004497602088528361], "training_accuracies": [0.7442264742158072, 0.8027384246141538, 0.8187639587986266, 0.8299426647554918, 0.8276759225307511, 0.8356761892063069, 0.8476065868862296, 0.8396779892663089, 0.8445181506050201, 0.8506033534451148, 0.859330311010367], "validation_losses": [0.006635472389517723, 0.005851176868596056, 0.005702489436252985, 0.005637126056490367, 0.004977617721371278, 0.004613600805366808, 0.00491016920828106, 0.004745274220508719, 0.0051001651843886, 0.0046281568672268385, 0.005012049801119744], "validation_accuracies": [0.7839646919210101, 0.811632465298612, 0.813565875968372, 0.8184327373094924, 0.8445404482845981, 0.8557542301692068, 0.8451938077523101, 0.8469005426883742, 0.8351000706694934, 0.8557275624358308, 0.8488072856247584]}