{"training_losses": [0.4361071873450279, 0.3904327614854028, 0.3389773104617993, 0.31745527338663737, 0.32920248547603687, 0.31692514572953184, 0.29395326095023505, 0.3228073409625391, 0.2998900921900819, 0.3211362593741901, 0.29174663199853695, 0.2969107662148525, 0.2995007058654353, 0.29071270778943475, 0.293648812497401, 0.2753988754955182, 0.27580048812665664, 0.28176735792556024, 0.2831672201247451, 0.29593181224270726, 0.2828152660480576, 0.27703819091247395, 0.2822784479939565, 0.2832624515928825, 0.28930737417661895, 0.27777190206009894, 0.28555528387317125, 0.27167748057720564, 0.28063484789450344, 0.2687376787973661, 0.2735088648026685, 0.2905161678009092, 0.2896500552292915, 0.2648955579101294, 0.28420494011764413, 0.2752529154194519, 0.284287725005694, 0.261426297839672, 0.27182909625297713, 0.2530521457459079, 0.26824796992882466, 0.26263426646304316, 0.2687445443493718, 0.26221080581921774, 0.2484404375993895, 0.2855570036711684, 0.2641215154716155, 0.27814486737497346, 0.27877007014165944, 0.265205824224496, 0.275226648397337, 0.2661702809927799, 0.2677220065191947, 0.26018747219642, 0.2547370517261307, 0.2508673122641382, 0.2703527461670215, 0.262971939179753, 0.2660016808771528, 0.2523118790373098, 0.2626860098987073, 0.24945613700240035, 0.2498181471658792, 0.2765038278844303, 0.2609600868018034, 0.253165468133199, 0.24468182614042366, 0.2574194453290444, 0.25200006296714694], "training_accuracies": [0.7663322110737024, 0.7968065602186739, 0.8261808726957566, 0.8390113003766793, 0.8333827794259808, 0.8406530217673922, 0.8538151271709057, 0.8398246608220274, 0.8530901030034335, 0.843569785659522, 0.859128637621254, 0.8565735524517484, 0.8557051901730057, 0.8605736857895263, 0.8589402980099337, 0.8693006433547785, 0.8688639621320711, 0.8658755291843061, 0.8646771559051969, 0.8592469748991634, 0.8656688556285209, 0.8688806293543118, 0.866298876629221, 0.8659605320177339, 0.8632404413480449, 0.8692706423547452, 0.8648521617387246, 0.8715907196906564, 0.8675205840194673, 0.8738257941931398, 0.87171905730191, 0.8625987532917764, 0.863352111737058, 0.8761325377512583, 0.8665955531851062, 0.8699106636887897, 0.8667222240741358, 0.8782492749758325, 0.8728690956365213, 0.8819960665355512, 0.8754791826394213, 0.8774925830861029, 0.8745874862495416, 0.8776859228640955, 0.8850261675389179, 0.8663372112403747, 0.8764758825294177, 0.8698089936331211, 0.8695023167438914, 0.8763975465848861, 0.8712157071902397, 0.8761992066402213, 0.8755625187506251, 0.8793459781992733, 0.8822460748691623, 0.8835144504816828, 0.8738791293043101, 0.8770392346411547, 0.8765325510850361, 0.8830361012033734, 0.8778125937531251, 0.8842361412047068, 0.8843011433714457, 0.8710640354678489, 0.8786109536984567, 0.8826394213140438, 0.887207906930231, 0.8804026800893363, 0.883024434147805], "validation_losses": [0.4262419786099817, 0.3844227002958289, 0.3726758693957101, 0.3748679792024947, 0.3443467701766056, 0.35382548372214745, 0.36188314832254426, 0.3429386428059827, 0.32157711181791776, 0.3159372600746698, 0.32258825899028876, 0.31835097872425916, 0.3157327417964869, 0.3186435892906563, 0.3213210997733076, 0.3151309813609047, 0.3212722136885639, 0.3125696158838087, 0.314598317637163, 0.2944551341667707, 0.2940916505645261, 0.34302900820211735, 0.3076502309558115, 0.316363988688448, 0.30464421004472075, 0.29641408186684376, 0.3114002663650777, 0.30570825755617276, 0.2893865043313485, 0.3110016985735634, 0.2953116209089197, 0.2958995285125826, 0.28769290065732417, 0.2930257572780104, 0.29647689405457867, 0.3005325194593626, 0.2862585706199918, 0.29489107154596195, 0.29299410254359576, 0.2876980453702117, 0.3086408637900224, 0.29275558413012726, 0.2844166760612106, 0.2951223409151518, 0.28917986322672573, 0.28302472967803916, 0.2918385764022895, 0.290462402373688, 0.28291030919870264, 0.29553483507679856, 0.2831435691376732, 0.29483225570083577, 0.29080920050079945, 0.2883662846074343, 0.28783529310124556, 0.28649869110205506, 0.28364737594476014, 0.293314482382528, 0.27898109611020644, 0.28896058799746405, 0.3011349688568151, 0.29232635393547124, 0.2912792875794193, 0.2802863011807199, 0.29019060225307425, 0.2899441434093379, 0.2797693596241046, 0.28142389086056313, 0.29202172076048516], "validation_accuracies": [0.7777911116444658, 0.8036321452858114, 0.8139392242356361, 0.811072442897716, 0.8274064295905169, 0.8192861047775244, 0.8215261943811086, 0.8242596370521488, 0.8452338093523741, 0.8483939357574303, 0.8461938477539102, 0.8465938637545501, 0.8528074456311586, 0.8462738509540382, 0.8506740269610784, 0.8483939357574303, 0.8546075176340387, 0.8583410003066789, 0.8452871448191261, 0.8625411683133992, 0.8637545501820073, 0.8353134125365015, 0.8576343053722149, 0.8500873368268064, 0.8532341293651746, 0.8610344413776551, 0.8622078216461991, 0.8570209475045668, 0.8645679160499753, 0.8518340733629345, 0.8614211235116072, 0.8614744589783592, 0.8640212275157673, 0.8653679480512554, 0.8645012467165353, 0.8613011187114151, 0.8693814419243436, 0.8634345373814952, 0.8621944877795111, 0.8639812259157033, 0.8579276504393509, 0.8638478872488233, 0.8692747709908396, 0.8659813059189034, 0.8672880248543275, 0.8703014787258156, 0.8654612851180714, 0.8614877928450472, 0.8716882008613678, 0.8651412723175593, 0.8659013027187754, 0.8681013907222955, 0.8695947837913517, 0.8625278344467112, 0.8704214835260077, 0.8709815059269037, 0.8703548141925677, 0.8665413283197995, 0.8711815139272238, 0.8668080056535594, 0.8521007506966946, 0.8621278184460712, 0.8663946557862314, 0.8703814819259437, 0.8666479992533035, 0.8677013747216555, 0.8726349053962158, 0.8719015427283758, 0.8688747549901996]}