{"training_losses": [0.39808447624098164, 0.277037183497052, 0.24441178948558342, 0.23060222202253924, 0.21942770698663017, 0.21163718895547326, 0.2069605713641206, 0.20284416782127782, 0.19715331414489926, 0.19827519213331957, 0.19213602099265537, 0.1897569874163431, 0.1904722860360938, 0.18647512850964335, 0.18499897615243063, 0.18265446929758986, 0.18211197915142244, 0.18165070401513628, 0.1806967657593915, 0.17884483786274663, 0.17840873502712004, 0.18079428276673032, 0.1763940493573212, 0.17727908679323154, 0.17242081654379673, 0.16774802600626648, 0.16463856791556855, 0.16480002057202736, 0.16281116408251403, 0.1614434464031477, 0.16156780789254208, 0.16235408482223815, 0.16289609228730853, 0.160635053146635, 0.1610189577062782, 0.1582515221998091, 0.1641362292671463, 0.15895579476077512, 0.16237292986285257, 0.1571423983154953, 0.18240678546304692, 0.15948360860268374, 0.15940024112543966, 0.15866836747621585, 0.157129071643699, 0.15637844237879603, 0.1621899028550469, 0.15707740664917802, 0.15833131721523355, 0.16163835655600145, 0.15902491130726143], "training_accuracies": [0.8038967965598853, 0.8742074735824528, 0.8891529717657255, 0.8963665455515184, 0.9011617053901797, 0.9047751591719724, 0.9071402380079336, 0.9095286509550319, 0.9109620320677356, 0.9120270675689189, 0.913757125237508, 0.9140188006266876, 0.9145571519050635, 0.9155171839061302, 0.9158005266842228, 0.9172305743524785, 0.9178072602420081, 0.9178489282976099, 0.9183422780759358, 0.9190323010767025, 0.9195539851328378, 0.9193139771325711, 0.9202573419113971, 0.9209040301343379, 0.9240724690823028, 0.9281409380312677, 0.9305543518117271, 0.9312977099236641, 0.9326677555918531, 0.9329977665922198, 0.933184439481316, 0.9335711190373013, 0.9335811193706457, 0.9339894663155438, 0.9338161272042401, 0.9347728257608587, 0.9339127970932365, 0.9350678355945198, 0.9347244908163606, 0.9355595186506217, 0.9356861895396513, 0.9351695056501883, 0.9352211740391346, 0.9356078535951199, 0.9355078502616754, 0.9360678689289643, 0.9347761592053069, 0.9360995366512217, 0.9358478615953865, 0.935319510650355, 0.9352611753725124], "validation_losses": [0.29917667023143124, 0.2546305562185395, 0.23328606599313334, 0.21770362024614176, 0.22531975121569273, 0.21463288578503142, 0.1966304306833143, 0.1991566995976045, 0.1954706758805914, 0.18967752603555266, 0.19032072175890571, 0.20014464403880308, 0.18875363754366425, 0.17794173407474917, 0.20774934924907787, 0.18276159865630723, 0.18039148725396803, 0.18482419137563338, 0.1746875796841486, 0.1806191015408212, 0.18108466118244676, 0.18190499465200483, 0.1774889373463512, 0.1780146414459267, 0.16624154731269955, 0.16405918566980163, 0.16960823150145937, 0.1683024610130318, 0.16841289692606345, 0.1677546406258444, 0.15573087340983674, 0.16202327014009882, 0.22042547590219455, 0.15852808373297564, 0.15455625339339812, 0.1612345953967306, 0.15247624606970558, 0.17064801425449302, 0.15656775104365211, 0.1538798145198146, 0.15013633786150646, 0.2201689035326285, 0.16556033191538838, 0.19216193055731842, 0.15375046990755475, 0.15184538249671392, 0.16700530494431695, 0.16213861501828455, 0.1710583130415055, 0.15076133564212227, 0.15949791037760483], "validation_accuracies": [0.8657146285851434, 0.8869821459525048, 0.8953824819659453, 0.9026361054442178, 0.8972492233022654, 0.9034361374454978, 0.9124498313265864, 0.9133165326613064, 0.9160899769324107, 0.9140765630625225, 0.9170900169340107, 0.9153299465311946, 0.9167833380001866, 0.9189700921370189, 0.9079029827859781, 0.9192367694707788, 0.920183474005627, 0.9155432883982026, 0.920636825473019, 0.9187967518700748, 0.920716828673147, 0.9192767710708428, 0.922743576409723, 0.9223835620091471, 0.9300772030881235, 0.9304505513553876, 0.9264103897489233, 0.9311439124231636, 0.9333973358934358, 0.9339440244276438, 0.9351574062962519, 0.9325706361587797, 0.9360641092310359, 0.9358240996306519, 0.9364507913649879, 0.9350907369628119, 0.9366908009653719, 0.9325839700254677, 0.937464165233276, 0.9385308745683161, 0.938264197234556, 0.9098497273224262, 0.9311039108230996, 0.9244769790791632, 0.937357494299772, 0.938197527901116, 0.9362507833646679, 0.937264157232956, 0.9340773630945238, 0.937997519900796, 0.9332106617598037]}