{"training_losses": [0.5547547352663676, 0.5114678221003215, 0.49675607175827025, 0.4902065023422241, 0.48601140313307445, 0.48235256770928703, 0.47807824478944144, 0.4762733783912659, 0.47421685388088225, 0.47206451803366345, 0.46964092164516447, 0.4683757561779022, 0.46690747044881187, 0.4660746502431234, 0.46493910536448163, 0.4634297609440486, 0.46366170896371206, 0.4623063140296936, 0.4608012485965093, 0.4599992503595352, 0.45837068954149884, 0.4560684299055735, 0.4548385574293137, 0.4545153440952301, 0.4536277639039358, 0.45440117245674133, 0.45343212265968325, 0.45328501256465914, 0.45310294935703277, 0.4521431216144562, 0.45133519361654917, 0.4526663897832235, 0.45102740701357524, 0.45090702068169913, 0.45137812594413756, 0.45000959762891135, 0.44878833251158395, 0.44984178942203523, 0.44914935146013896, 0.4489329802862803, 0.44971029414812724, 0.4499146439599991, 0.44778985314846037, 0.44722756981690726, 0.44959140332857767, 0.44756763685067497, 0.44753380621910094, 0.4482195315694809, 0.4483319440714518, 0.44720320824782056, 0.4465392194064458, 0.4482148375829061, 0.44688410127003986, 0.44675747053782144, 0.44646523936748506, 0.4458971800597509, 0.44694472531318663, 0.44591521355628966, 0.44560504153410596, 0.4457385729932785, 0.44510208970069887, 0.44639863465944923, 0.4446830340178808, 0.4452407926003138], "training_accuracies": [0.6420214007133571, 0.6711190373012433, 0.6652305076835895, 0.671694056468549, 0.6762425414180473, 0.6741174705823527, 0.6749258308610288, 0.6786009533651122, 0.6770425680856028, 0.6887079569318977, 0.6758308610287009, 0.6846528217607254, 0.6916097203240108, 0.6874829160972032, 0.6847244908163606, 0.6885179505983533, 0.6854495149838328, 0.6886379545984866, 0.6868412280409347, 0.6870662355411847, 0.6905063502116737, 0.6936114537151238, 0.6915480516017201, 0.6931114370479016, 0.6886262875429181, 0.692738091269709, 0.6971682389412981, 0.6943198106603553, 0.7005266842228074, 0.6909480316010533, 0.6969982332744424, 0.6954248474949165, 0.691748058268609, 0.6938964632154405, 0.6948181606053535, 0.6971265708856962, 0.7005200173339111, 0.6998799959998666, 0.6920364012133737, 0.6971365712190406, 0.6920180672689089, 0.694491483049435, 0.6936131204373479, 0.6877229240974699, 0.7019650655021834, 0.6932831094369812, 0.6978599286642888, 0.6957798593286443, 0.6992933097769926, 0.6948448281609387, 0.7015717190573019, 0.6944681489382979, 0.6928447614920498, 0.7023100770025668, 0.6948498283276109, 0.7021467382246075, 0.6924597486582886, 0.6978599286642888, 0.6988066268875629, 0.6933631121037368, 0.6954665155505183, 0.7014033801126704, 0.696604886829561, 0.6996299876662555], "validation_losses": [0.4234764821133387, 0.3971365590976865, 0.39124127670097114, 0.3674774862128493, 0.37432989793878263, 0.35525235719260884, 0.35449291546098644, 0.3463643143975782, 0.32765976205311775, 0.3416438907074659, 0.3371585665417874, 0.3153901056674771, 0.30973620466784185, 0.40455679405362405, 0.3268323092954246, 0.3217607560130091, 0.30931096570642036, 0.3044447650585548, 0.30131306922851153, 0.3149970381117762, 0.3130928399767352, 0.297534280913298, 0.30713652288664817, 0.302494907746946, 0.31153686560607596, 0.30638633476258204, 0.3053691793267309, 0.31052844923858663, 0.30345312184679857, 0.29783050664833094, 0.2952712266521758, 0.29311536083157697, 0.31899948052389293, 0.3266871588604239, 0.3249255167554538, 0.29313242664703976, 0.32169928698473566, 0.3220008308475287, 0.2998933632519035, 0.29631984986241927, 0.29665584801690387, 0.28813398110740646, 0.3181072614955424, 0.2797092531190414, 0.2812681867911166, 0.28688055129391943, 0.295325082430892, 0.3101948839483145, 0.2755424640799623, 0.294357584134947, 0.2830079988126382, 0.2950172372167063, 0.2881265410457217, 0.27481987195328483, 0.28027012079273983, 0.27948445391705795, 0.3020537576805912, 0.27654973542868483, 0.2981110393986628, 0.2824239010397713, 0.2835957215653723, 0.29279143836116095, 0.2968195968167804, 0.2979524952217648], "validation_accuracies": [0.8238062855847568, 0.843353734149366, 0.8431670600157339, 0.8487006146912544, 0.8511140445617825, 0.8608744349773991, 0.8533541341653667, 0.8606610931103911, 0.8673413603210796, 0.8632611971145513, 0.8555942237689508, 0.8726082376628398, 0.8637278824486313, 0.8044721788871555, 0.8631411923143593, 0.8774617651372721, 0.8791951678067123, 0.8786084776724402, 0.8801418723415604, 0.8735416083309999, 0.8770217475365681, 0.8862754510180407, 0.8888622211555128, 0.8834353374134966, 0.890395615824633, 0.8721682200621358, 0.8881288584876729, 0.890328946491193, 0.8865954638185527, 0.889835593423737, 0.8846887208821687, 0.8923690280944571, 0.8692214355240876, 0.8640478952491433, 0.8795418483406003, 0.8932623971625532, 0.8842353694147765, 0.8890888968892089, 0.8875288344867128, 0.8957558302332094, 0.8818352734109365, 0.8879421843540408, 0.8890088936890809, 0.8920356814272571, 0.8945424483646013, 0.8910889768924091, 0.8960758430337213, 0.8831553262130485, 0.8978892489032895, 0.8940624291638333, 0.8969558782351295, 0.890902302758777, 0.8885955438217529, 0.8953824819659453, 0.8939424243636412, 0.8896755870234809, 0.8974892329026495, 0.8960358414336573, 0.8962491833006654, 0.8961291785004734, 0.8968225395682494, 0.8940224275637693, 0.8975559022360895, 0.8889155566222648]}