{"training_losses": [0.506183408797582, 0.4832653526624044, 0.47339161268552143, 0.46722401130040486, 0.4644252659924825, 0.4616278400675456, 0.45933134916623436, 0.4576652235953013, 0.45654876936594646, 0.45556659637451175, 0.4542505739847819, 0.45300804993629457, 0.4525891522026062, 0.4510464650885264, 0.4510159894180298, 0.4508573748175303, 0.4502905228900909, 0.4492385143884023, 0.4495348132578532, 0.4485104365126292, 0.44842210600852966, 0.44710808009465536, 0.44850684524536133, 0.4476868985303243, 0.44755901173909507, 0.44684176509857176, 0.4457619784418742, 0.445364237798055, 0.4461538170369466, 0.44468778286933897, 0.44507600090662636, 0.4445309507306417, 0.4446976150639852, 0.44433842964172365, 0.4444049472395579, 0.4439544491036733, 0.4443366723028819, 0.443396175994873, 0.444571276140213, 0.44421577228546144, 0.44293958539009093, 0.44388373613675436, 0.4433162597242991, 0.4434510267416636, 0.44309726444562275, 0.4429647371355693, 0.44214532044410704, 0.44292722491582237, 0.44253296359380084, 0.4422224288256963, 0.4426057607618968, 0.4418658537228902, 0.44175260814348855], "training_accuracies": [0.666255541851395, 0.673335777859262, 0.6859461982066068, 0.688736291209707, 0.6888512950431681, 0.6919563985466182, 0.6902830094336478, 0.6906546884896163, 0.6920514017133904, 0.6920964032134405, 0.6893713123770793, 0.6894179805993533, 0.6876395879862662, 0.6948548284942831, 0.6933281109370313, 0.6943164772159072, 0.6965565518850628, 0.6927464248808294, 0.694939831327711, 0.6954998499949998, 0.6995216507216907, 0.6990816360545351, 0.7001516717223908, 0.7017383912797093, 0.6970665688856296, 0.694919830661022, 0.702808426947565, 0.6991433047768258, 0.6962048734957832, 0.6939464648821627, 0.6967282242741425, 0.6967865595519851, 0.702698423280776, 0.6984299476649222, 0.7015183839461315, 0.6935581186039534, 0.6979249308310277, 0.6979432647754925, 0.6956398546618221, 0.7001466715557185, 0.6936614553818461, 0.7012567085569519, 0.6961232041068035, 0.6971215707190239, 0.7002283409446981, 0.7019483982799427, 0.7036651221707391, 0.702786759558652, 0.7020834027800926, 0.6983532784426147, 0.6982799426647555, 0.7038167938931298, 0.7005516850561685], "validation_losses": [0.37719743835705527, 0.35489190837474155, 0.33816461494629907, 0.3321868870923122, 0.35649244221216436, 0.31248313335040623, 0.3195135730671372, 0.30914932694827074, 0.32192050452372223, 0.3039735059355891, 0.30261907043278286, 0.29760656632794064, 0.29157825640944923, 0.328312335335723, 0.3027299645641089, 0.28965800398167396, 0.2988221013311799, 0.2871372246736818, 0.30097620369976014, 0.27866444807228036, 0.29245148266984833, 0.2943308742872208, 0.28967000392044634, 0.30713825437163356, 0.297954134265843, 0.2818077909084631, 0.28174168850071807, 0.2884713007043505, 0.27392997997482865, 0.3014939777304256, 0.2785945878232519, 0.28007407034956516, 0.2825596159335934, 0.27718504635811414, 0.27021245943874517, 0.27087792011957884, 0.2916535219853769, 0.276417616533091, 0.27242874278336215, 0.2939337818083768, 0.2734722588805654, 0.2878132651684849, 0.26249054998378557, 0.2892662101932517, 0.28763906039114423, 0.2857676756805909, 0.26876720688213457, 0.2885076027570229, 0.2669628807212739, 0.2674308950598357, 0.27099066792419535, 0.27636925538656226, 0.27580902495116366], "validation_accuracies": [0.8309132365294611, 0.8652212755176873, 0.8705148205928237, 0.875368348067256, 0.8634078696481192, 0.8769817459365041, 0.8771817539368242, 0.8795018467405363, 0.8606210915103271, 0.8837153486139445, 0.8834220035468086, 0.8840886968812086, 0.8875021667533368, 0.8598077256423591, 0.8822486232782645, 0.8885422083550009, 0.8886622131551929, 0.890408949691321, 0.8824086296785205, 0.889355574222969, 0.889862261157113, 0.8900756030241209, 0.8852754110164407, 0.891262317159353, 0.8819419443444404, 0.8917156686267451, 0.889862261157113, 0.890662293158393, 0.8882221955544889, 0.8877821779537848, 0.8917290024934331, 0.8885288744883129, 0.8922356894275771, 0.8916623331599931, 0.8929690520954171, 0.889355574222969, 0.8862754510180407, 0.8942757710308412, 0.890782297958585, 0.8896889208901689, 0.8945557822312893, 0.8929423843620411, 0.8938357534301372, 0.8824486312785845, 0.8917023347600571, 0.8940224275637693, 0.8934624051628732, 0.8929023827619772, 0.8916356654266171, 0.8931290584956731, 0.8931957278291132, 0.8944357774310973, 0.8916223315599291]}