{"training_losses": [0.4707931189516187, 0.39746757239622377, 0.37411017712652683, 0.3616477511232098, 0.34900667271882296, 0.34329613463712233, 0.33800279843617853, 0.3339783072294295, 0.32639078450034065, 0.32409082676827905, 0.3236484206238389, 0.3167576995199919, 0.3142312213086585, 0.3116109606263538, 0.3118925854283261, 0.3097398000487685, 0.3088654315270022, 0.30671238830044867, 0.30569672754509414, 0.30511995205639086, 0.3025502588934948, 0.2998663632626335, 0.3013385659391142, 0.30070328188889195, 0.2976091225557328, 0.29882557919063296, 0.29536943704669677, 0.29800791558357576, 0.29586982981275145, 0.295785199144079, 0.29316689643274685, 0.29203096680199725, 0.2910427726672217, 0.2920216161651075, 0.2912642821652815, 0.2894097681694478, 0.28895849262680395, 0.2915313474852095, 0.2875891369154801, 0.2895532706114277, 0.2882491920587979, 0.2869107000810529], "training_accuracies": [0.748673289109637, 0.7972232407746925, 0.81259208640288, 0.8191139704656822, 0.825897529917664, 0.8295743191439715, 0.8335261175372513, 0.836624554151805, 0.8405713523784126, 0.8440114670489016, 0.8431247708256941, 0.8478249274975832, 0.8491099703323444, 0.8507866928897629, 0.8512483749458315, 0.8528850961698723, 0.8528184272809094, 0.8541068035601187, 0.8548984966165539, 0.855150171672389, 0.856338544618154, 0.857958598619954, 0.8569668988966299, 0.857915263842128, 0.8591169705656855, 0.8584969498983299, 0.8606453548451615, 0.8593486449548319, 0.8599486649554985, 0.8603586786226207, 0.8614587152905097, 0.863017100570019, 0.8626520884029467, 0.8625270842361412, 0.8637621254041802, 0.8637954598486616, 0.8639487982932764, 0.8632604420147338, 0.865017167238908, 0.8638304610153672, 0.8650805026834227, 0.8652521750725024], "validation_losses": [0.4111975067067649, 0.386503911015762, 0.360900571444827, 0.3556308874648726, 0.33979259196385736, 0.34485921296015604, 0.3332085784384507, 0.3249350130064313, 0.357572305595546, 0.3205473253632544, 0.3203569741787425, 0.31391523219862183, 0.3074577951928648, 0.3154844149009622, 0.30336604124920163, 0.30880970850074446, 0.3130460082788981, 0.30248678712816035, 0.29959319131616213, 0.30357564449036056, 0.3077390843805513, 0.3071457869258787, 0.2928230096207833, 0.2924461364774389, 0.30330943390980114, 0.32040847864817606, 0.3148498143761576, 0.290970592008403, 0.29434608827278874, 0.2919090052933343, 0.29707071967713894, 0.2855743453396322, 0.2931555714874268, 0.29169394564963375, 0.2896991968176615, 0.30012811415792984, 0.28819719677673333, 0.2871228255797462, 0.2896019793032518, 0.28981987623708344, 0.302383547429808, 0.3079872031641422], "validation_accuracies": [0.7874048295265144, 0.8046721868874755, 0.8189260903769484, 0.8182993986426124, 0.8324066295985173, 0.8336333453338134, 0.8357800978705815, 0.844873794951798, 0.8359134365374615, 0.8409936397455898, 0.8506340253610144, 0.8462471832206622, 0.8549141965678627, 0.8484739389575583, 0.8529941197647906, 0.8508473672280225, 0.8567142685707428, 0.8573542941717669, 0.8541008306998946, 0.8544341773670947, 0.8571009507046948, 0.8481939277571103, 0.8623144925797032, 0.8624078296465192, 0.858607677640439, 0.8557008947024548, 0.8425003666813339, 0.8648612611171114, 0.8570876168380068, 0.8658346333853354, 0.8625011667133352, 0.8651679400509353, 0.8650479352507434, 0.8559009027027747, 0.8659146365854634, 0.8631411923143593, 0.8651546061842473, 0.8694614451244717, 0.8636745469818793, 0.8695814499246637, 0.8576743069722789, 0.8660346413856554]}