{"training_losses": [0.0068016256726053815, 0.0051597642367185855, 0.0052688447985627185, 0.004369611250687297, 0.004748737411210922, 0.004471608101880085, 0.004174382854477956, 0.004636727576910078, 0.004450174018485478, 0.0038800824425293556, 0.004462723244494205, 0.004161451547826693, 0.0037094806610643307, 0.003867464197913784, 0.004125436561247186, 0.0037637849457289934, 0.004138781687879875, 0.003799057555548707, 0.004241997352930028, 0.00418232044538272, 0.003926108765742506, 0.0037648076458508682, 0.003578694270137496, 0.0038922967228394952], "training_accuracies": [0.7715657188572952, 0.8341711390379679, 0.8336311210373679, 0.8619437314577153, 0.851956731891063, 0.8616853895129838, 0.8703973465782193, 0.8582936097869929, 0.8648288276275876, 0.8812260408680289, 0.8654988499616654, 0.8747691589719657, 0.8883729457648588, 0.8843111437047901, 0.8778709290309678, 0.8879279309310311, 0.878125937531251, 0.8878445948198274, 0.874394146471549, 0.877204240141338, 0.8847744924830828, 0.8894346478215941, 0.8946198206606887, 0.8862095403180106], "validation_losses": [0.0054652486426773, 0.005327211885360627, 0.005030518866613017, 0.0045544699224646604, 0.004676574696621044, 0.004610932693147297, 0.004006716170991635, 0.0041257531243228075, 0.004544535988820228, 0.003998033885787748, 0.004158657179722396, 0.004595209717118367, 0.0045118263344890615, 0.0035963716549672403, 0.004102342695364545, 0.003950144815249602, 0.00412148975113081, 0.00392098786334949, 0.003432608014969715, 0.003898412168008093, 0.003580257300475458, 0.0036783910657775536, 0.004153879674328672, 0.0034446204762934077], "validation_accuracies": [0.8229129165166607, 0.8300065335946771, 0.8450738029521181, 0.8578743149725989, 0.859047695241143, 0.8546608531007907, 0.8777417763377202, 0.8749416643332399, 0.8656612931183914, 0.8703814819259437, 0.8657679640518954, 0.8679547181887276, 0.8608344333773351, 0.8940890968972092, 0.8739016227315759, 0.8832619971465525, 0.8901422723575609, 0.8841687000813366, 0.9003826819739457, 0.8797551902076083, 0.8948091256983612, 0.8941957678307132, 0.8780751230049202, 0.8969558782351295]}