{"training_losses": [0.4392295231389006, 0.3586589190965643, 0.32022006295214095, 0.3273680208480979, 0.2951422981854901, 0.27589035339811196, 0.28816368281396726, 0.265051526731709, 0.26249822377198956, 0.264833217731826, 0.25390559935232626, 0.2359426843232064, 0.25359889647957556, 0.2743102937447707, 0.27622216440431774, 0.25823752198020616, 0.2634151782917821, 0.24236725119517805, 0.24407152876355298, 0.23988602589582092, 0.22264215020936914, 0.2518789940277425, 0.25883361357556967, 0.24510170205618023, 0.24632730915451423, 0.23148929853048175, 0.2477226468634714, 0.24162084597810793, 0.2361673700452751, 0.255885507364093, 0.23329599701747142, 0.23210712118275775, 0.22167967379012302, 0.235354256176167, 0.2476871176053603, 0.22933350691814286, 0.23573436066762313, 0.2564158747654771, 0.24564107427054396, 0.23448144602996762, 0.25256034658426263, 0.23916535436301842, 0.21750348596058883, 0.24595648966163552, 0.2549906711659549, 0.2471900383830381, 0.23810596799185071, 0.23186323669455622, 0.24164930588986927, 0.24181244130083235, 0.2270865081539147, 0.21584665433605824, 0.24292664952285278, 0.2303621122408472, 0.23687835189614392], "training_accuracies": [0.7701290043001433, 0.8197223240774693, 0.8410797026567552, 0.8391779725990867, 0.8573502450081669, 0.8670272342411414, 0.8632087736257875, 0.8737691256375213, 0.8759141971399047, 0.8755808526950898, 0.8812093736457882, 0.8897379912663755, 0.8825110837027901, 0.8736424547484917, 0.872594086469549, 0.8805810193673123, 0.8788709623654122, 0.8880196006533551, 0.887769592319744, 0.8898663288776293, 0.8987399579986, 0.8860378679289309, 0.8820944031467716, 0.8888379612653755, 0.8885512850428348, 0.8945848194939832, 0.8883812793759792, 0.8904246808226941, 0.8922380746024867, 0.8844744824827494, 0.8946331544384812, 0.8953231774392479, 0.8995499849995, 0.8941114703823461, 0.8884812827094236, 0.8961815393846462, 0.893143104770159, 0.8845228174272476, 0.8892113070435681, 0.8946964898829961, 0.8857611920397347, 0.8925080836027868, 0.9017150571685723, 0.8892913097103237, 0.8843844794826494, 0.888219607320244, 0.892489749658322, 0.8952298409946998, 0.8909380312677089, 0.891299709990333, 0.8981232707756925, 0.9031001033367779, 0.8905180172672422, 0.8961215373845794, 0.8934114470482349], "validation_losses": [0.3951075141670247, 0.34682938251228007, 0.3349585623756392, 0.31356767807459696, 0.32025190963270306, 0.31024867647329063, 0.3133828341544448, 0.2928695905910563, 0.2964299519653674, 0.283701080543232, 0.31838227611152636, 0.28416896108630807, 0.2805181973724665, 0.2844350771638002, 0.26360696476308276, 0.28281921155977174, 0.269586789384001, 0.27168775929280575, 0.2797455288058644, 0.27889455636141297, 0.2754036013846417, 0.2688477391083526, 0.27010247084102934, 0.27738160480776664, 0.26096482377482605, 0.2667285241398313, 0.26939912623390516, 0.27674438068885476, 0.2682948102004762, 0.25951267727340066, 0.264618339840997, 0.258463499251346, 0.25723024699515196, 0.25762688579736703, 0.2595597268931607, 0.2634332449143999, 0.26676796690291077, 0.25354880251742673, 0.2552622037703664, 0.2682489813800483, 0.25238535736558604, 0.25986239864308325, 0.2561759250788934, 0.26365089729605923, 0.24702406930520432, 0.25266045747521537, 0.2667243385221491, 0.25105238823708426, 0.25619417971762276, 0.25214916732965975, 0.2602086030054273, 0.2529235609146303, 0.25787175754326597, 0.26099602866384203, 0.2579684517382729], "validation_accuracies": [0.8053255463551875, 0.8268330733229329, 0.8365001266717336, 0.8504073496273185, 0.8479539181567263, 0.8531274584316706, 0.8563409203034789, 0.8636878808485673, 0.859687720842167, 0.8689147565902636, 0.8475805698894623, 0.8725949037961519, 0.874794991799672, 0.874328306465592, 0.8811285784764724, 0.8719282104617518, 0.8731682600637359, 0.87580836566796, 0.8707948317932718, 0.8777151086043442, 0.8762750510020401, 0.8783418003386803, 0.8788484872728243, 0.874288304865528, 0.8829153166126645, 0.8801952078083123, 0.8743816419323439, 0.8790084936730802, 0.8804352174086963, 0.8856487592837047, 0.8830219875461686, 0.8826353054122165, 0.8842220355480885, 0.8852087416830007, 0.8823686280784565, 0.8775951038041522, 0.8862221155512887, 0.8864487912849848, 0.8872088216862007, 0.8824886328786484, 0.8883422003546808, 0.8831153246129845, 0.8870221475525688, 0.8865687960851767, 0.890848967292025, 0.8900222675573689, 0.8833420003466805, 0.890342280357881, 0.8871421523527607, 0.890848967292025, 0.8856087576836407, 0.8838486872808246, 0.8845153806152246, 0.8836886808805685, 0.8889688920890169]}