{"training_losses": [0.5512938658459982, 0.5072428272310893, 0.4934514033778509, 0.48698763363997144, 0.48150226657072703, 0.47785871303558347, 0.4757201812791824, 0.4721764674870173, 0.4702018418534597, 0.4690785233036677, 0.4675606843789418, 0.4663516232760747, 0.46461318770090737, 0.46307167926947274, 0.46395304553349814, 0.46092214154402417, 0.46147196504910787, 0.4606155961243312, 0.4595320591402054, 0.45957784942468005, 0.45860752699216206, 0.45902301053365074, 0.457807570754687, 0.45646361929098767, 0.45660336784680683, 0.4556270387204488, 0.4556327977705002, 0.45587392602761584, 0.4555466610431671, 0.4543633491134644, 0.45497002730528513, 0.4546265434217453, 0.45357131749312085, 0.4546494359683991, 0.4543724996614456, 0.4527647994232178, 0.45255910005728406, 0.45247305672009785, 0.4528242999347051, 0.45164165042559307, 0.4516583633931478, 0.45185770613511406, 0.4514191690937678, 0.45082847937107084, 0.4496965387248993], "training_accuracies": [0.6446648221607387, 0.6658771959065303, 0.6721024034134471, 0.6731857728590953, 0.6754125137504583, 0.6795059835327845, 0.685006166872229, 0.6758308610287009, 0.6854595153171772, 0.6851761725390846, 0.6819210640354678, 0.6887629587652921, 0.6823694123137438, 0.6807426914230474, 0.6868178939297976, 0.6865028834294477, 0.6801243374779159, 0.6843928130937698, 0.689276309210307, 0.684352811760392, 0.6889729657655255, 0.6844678155938532, 0.6865862195406514, 0.6845294843161439, 0.6857311910397014, 0.6951481716057202, 0.6819893996466548, 0.6869278975965866, 0.6983016100536684, 0.684241141371379, 0.6941031367712257, 0.695614853828461, 0.687251241708057, 0.682284409480316, 0.6886129537651255, 0.6890596353211774, 0.6840611353711791, 0.6943598119937331, 0.6905363512117071, 0.6888529617653921, 0.6896863228774293, 0.692828094269809, 0.6889296309876995, 0.6895746524884163, 0.6914830494349812], "validation_losses": [0.4192518075488217, 0.36787999615960154, 0.4052185207314504, 0.39320005700023475, 0.36406007162498694, 0.3468115453198523, 0.32980556074131595, 0.33075451956060886, 0.37170006791724863, 0.3204474581299994, 0.33245727478820647, 0.3154511224772271, 0.33324878642300426, 0.3232416661531509, 0.33514635570945356, 0.31339541441287355, 0.3012073029444844, 0.30524397061347225, 0.31700907903676295, 0.30512445115266157, 0.3138566156298218, 0.321967633712245, 0.3075611222619996, 0.30483299792811824, 0.30642941817426256, 0.29686616665611704, 0.29119156294711324, 0.304466724152903, 0.3036051304972837, 0.31065386203967077, 0.33226239521684875, 0.31102036751103873, 0.3059740584640742, 0.3172995491543807, 0.27685716471905586, 0.30395290547018333, 0.31233184760349314, 0.31648745761071145, 0.3039911125513267, 0.30802519643927084, 0.2896590497547446, 0.2999150688337256, 0.2993969968653388, 0.2966350743670198, 0.30936026477723394], "validation_accuracies": [0.8109391042308359, 0.8504740189607585, 0.8392202354760857, 0.8605944237769511, 0.8511140445617825, 0.859461045108471, 0.8628211795138472, 0.8713681880608558, 0.8609277704441511, 0.8698747949917996, 0.8727549101964078, 0.8770617491366322, 0.8640478952491433, 0.8770884168700082, 0.8762883848687281, 0.8717415363281198, 0.8803152126085043, 0.8786751470058802, 0.8659279704521514, 0.875768364067896, 0.876248383268664, 0.8550075336346787, 0.8818352734109365, 0.8813952558102324, 0.8818086056775605, 0.8784884728722482, 0.8828486472792245, 0.8743683080656559, 0.8837686840806965, 0.8832619971465525, 0.8776351054042162, 0.8835553422136886, 0.8847953918156726, 0.8650612691174313, 0.8843820419483446, 0.8821019507446964, 0.8804218835420083, 0.8688080856567596, 0.8799685320746163, 0.8831553262130485, 0.8867421363521207, 0.8868488072856248, 0.8879021827539768, 0.8871021507526968, 0.8853020787498167]}