{"training_losses": [0.3761529818693797, 0.31288891630172727, 0.29437539332707724, 0.2824645001101494, 0.2749911565995216, 0.2689461239496867, 0.26540114549716315, 0.26110006951411563, 0.2569173377641042, 0.2554908488440514, 0.25331501243193943, 0.2514307661183675, 0.24759609874327979, 0.2465775093491872, 0.24654235492547352, 0.24750345061779022, 0.24349016938845316, 0.24171881604909898, 0.24071583048820497, 0.24193062271436055, 0.24005539447228114, 0.23931404430468878, 0.23908471689860025, 0.23915201837539674, 0.28119573459704716, 0.23866034468491873, 0.2393977986296018, 0.24509618953466417, 0.23565815590540568, 0.242679688094457, 0.2399378436454137, 0.23563562987565995, 0.234985708638827, 0.300886458346049, 0.24657483381986617, 0.23521983489513398, 0.23560505433718362, 0.23503171183665594, 0.5697394558167458, 0.24716487493197123, 0.2358234479490916, 0.23884971953392028, 0.2589220952018102, 0.2606276673952738, 0.24497558876276015, 0.23804110397020975, 0.2573098797559738, 0.235558736401399, 0.24105748455921808, 0.25960428393125534, 0.2803803219183286, 0.24082583191076914], "training_accuracies": [0.8168288942964765, 0.853080102670089, 0.862117070569019, 0.8681139371312377, 0.8717740591353045, 0.8749558318610621, 0.8762875429180973, 0.8786326210873696, 0.8806793559785326, 0.8813960465348845, 0.8822510750358346, 0.883364445481516, 0.8848544951498384, 0.8855178505950199, 0.8854361812060402, 0.8863428780959365, 0.886894563152105, 0.8876845894863162, 0.8879962665422181, 0.8880112670422348, 0.8885412847094903, 0.8890529684322811, 0.8887746258208606, 0.8890613020434014, 0.8871279042634754, 0.8889946331544385, 0.8899096636554552, 0.8889812993766459, 0.8902546751558386, 0.8886779559318644, 0.889029634321144, 0.8904046801560052, 0.8912430414347144, 0.8872395746524884, 0.8881996066535551, 0.8908146938231274, 0.8906546884896164, 0.8910013667122237, 0.8847228240941365, 0.8887429580986033, 0.8902313410447015, 0.8890129670989033, 0.887951265042168, 0.8887396246541551, 0.8899913330444348, 0.8891613053768459, 0.8880262675422514, 0.8905380179339312, 0.8892596419880663, 0.8877545918197274, 0.8884646154871829, 0.8884029467648922], "validation_losses": [0.3268892536377077, 0.3272038401520193, 0.28770938163396814, 0.272758920053963, 0.264541121512756, 0.2583041336274224, 0.26150796112408714, 0.2651912724457025, 0.2510176360549217, 0.24832298269289585, 0.2508124171829164, 0.2626370743296851, 0.24708759190535035, 0.24795320986591832, 0.2552998730422031, 0.23936845964939024, 0.23634022719204958, 0.2376649326627718, 0.23713720501326946, 0.25029131096642004, 0.24043432171365242, 0.2807241607511192, 0.2391488932515961, 0.25822104911696775, 0.26622154734855585, 0.23555455640769213, 0.2810282733436263, 0.2378009201438604, 0.2321311473635087, 0.2316738736248713, 0.23235610006232074, 0.234559874966778, 0.261416663763747, 0.262648627618936, 0.2580570236718378, 0.23390192243359878, 0.23313644794978577, 0.2990084967906416, 0.24388825220572857, 0.2289552377257819, 0.23980164581847643, 0.22767325689902843, 0.23317808222535955, 0.23226491773575733, 0.25323350228736674, 0.24165676840973144, 0.2372784105004439, 0.24485045696239857, 0.23667645789690403, 0.24629005588876063, 0.2446362573285884, 0.23335310598139153], "validation_accuracies": [0.8441537661506461, 0.8441270984172701, 0.8678347133885356, 0.8730349213968559, 0.8769284104697521, 0.8806085576756404, 0.8800752030081204, 0.875168340066936, 0.8847020547488567, 0.8824886328786484, 0.8837420163473205, 0.8775684360707762, 0.8861954478179127, 0.8835286744803126, 0.8786351454058162, 0.890195607824313, 0.890475619024761, 0.890822299558649, 0.8896089176900409, 0.8844620451484726, 0.890782297958585, 0.8886888808885689, 0.8867288024854327, 0.8868488072856248, 0.8738216195314479, 0.8932890648959292, 0.891875675027001, 0.8900489352907449, 0.8920490152939451, 0.890982305958905, 0.8927823779617852, 0.890195607824313, 0.8855954238169527, 0.8844887128818486, 0.8776751070042802, 0.8921156846273851, 0.8937824179633852, 0.8940224275637693, 0.890448951291385, 0.8946757870314812, 0.8900756030241209, 0.8941290984972732, 0.890822299558649, 0.8919290104937531, 0.8760617091350321, 0.8882488632878649, 0.890968972092217, 0.890208941691001, 0.890888968892089, 0.889915596623865, 0.8890888968892089, 0.8936757470298812]}