{"training_losses": [0.0024129652947026546, 0.0012438799432329549, 0.000942512390009874, 0.0007905166829239663, 0.0006840604610573014, 0.0006305746197605006, 0.0005801472273179345, 0.000501033792142685, 0.000486015868524565, 0.00045704815851706806, 0.00045360809417380844, 0.00048807920419738035], "training_accuracies": [0.9376829227640922, 0.9714307143571452, 0.9789009633654455, 0.9826910897029901, 0.9850511683722791, 0.9870029000966699, 0.9880729357645255, 0.9892929764325478, 0.9898063268775625, 0.9908363612120404, 0.9908896963232108, 0.9909763658788626], "validation_losses": [0.001406471473869399, 0.0010857226006475182, 0.0009511452355516495, 0.00079846002535301, 0.0008190004732839903, 0.0009387403340765054, 0.0007744898472701365, 0.0008124533443847701, 0.000832268435805694, 0.0010080767967936032, 0.0009617126830880795, 0.0012091576309453754], "validation_accuracies": [0.96805205541555, 0.9749589983599344, 0.9787458164993267, 0.983386002106751, 0.9829593183727349, 0.983359334373375, 0.985386082109951, 0.983959358374335, 0.9846127178420471, 0.9812925850367348, 0.984506046908543, 0.9804525514353908]}