{"training_losses": [0.41773635128756365, 0.3431759675536553, 0.3226198282731076, 0.30644123054451, 0.30061455641515555, 0.2943961599445855, 0.2870981987140607, 0.2832288647195076, 0.2773445898329156, 0.2680421873756343, 0.26954022212622997, 0.2645095940645567, 0.2622547042994667, 0.2587843177965439, 0.2604205226316241, 0.2582270408143429, 0.25111126619900265, 0.25815532103804717, 0.2507951665109815, 0.256287986286832, 0.24878296633464905, 0.2500039233809228, 0.24859854408493265, 0.24506617340397477, 0.2441330454196393, 0.24789188131060141, 0.24435260630353042, 0.24287657817876743, 0.24685742127549368, 0.24571561883057158, 0.24031261053050249, 0.24234028254838894, 0.24121162418476305, 0.24101885533070191, 0.24048400138506976, 0.24344625232324316, 0.24331857570583776, 0.23991100422398498, 0.24198294097255915, 0.23974711336292948, 0.2391194523278686, 0.23604541782926924, 0.2397470669852752, 0.23837852261707806, 0.23890132554486626, 0.23994779817955725, 0.2369837400665398, 0.23585003366708757, 0.23355969982799762, 0.23936027698007645, 0.2364113973332538, 0.23221059977546024, 0.23810304128024418, 0.2314641631420562, 0.2338370103266773, 0.2364140431066975, 0.2352042506857162], "training_accuracies": [0.7843344778159272, 0.8281526050868362, 0.8397446581552719, 0.8492499749991667, 0.8538251275042501, 0.856835227840928, 0.8620804026800893, 0.8657171905730191, 0.869965665522184, 0.875157505250175, 0.875069168972299, 0.8776475882529418, 0.8783642788092937, 0.8807643588119604, 0.8803076769225641, 0.881924397479916, 0.8851778392613087, 0.882869428980966, 0.8856761892063069, 0.8840644688156272, 0.8869095636521217, 0.8864295476515884, 0.8870845694856495, 0.8884679489316311, 0.8893779792659755, 0.8891329710990367, 0.8895329844328145, 0.8899363312110403, 0.888242941431381, 0.8893146438214607, 0.8910930364345478, 0.8907680256008533, 0.89114303810127, 0.8912630421014034, 0.8919547318243941, 0.8902680089336311, 0.8903730124337478, 0.8925464182139404, 0.8909530317677256, 0.8920047334911164, 0.8928614287142905, 0.8941464715490516, 0.892624754158472, 0.8929464315477182, 0.8925430847694923, 0.8926630887696256, 0.8937964598819961, 0.8937531251041702, 0.8955165172172406, 0.8925997533251109, 0.8935631187706257, 0.8958281942731424, 0.8939347978265942, 0.8964398813293777, 0.8945664855495183, 0.893998133271109, 0.8949364978832628], "validation_losses": [0.35099397958774997, 0.32273107689555935, 0.3137528185480257, 0.3088152697380119, 0.29419247732676723, 0.2857780792255125, 0.28537590138867597, 0.2855064720538435, 0.27177670016547817, 0.2673060390685188, 0.2716698729079746, 0.27813477970556566, 0.266294571169673, 0.26787893045874867, 0.2614290558977793, 0.25565798625612585, 0.260489756286733, 0.26590237539928235, 0.2574248609231373, 0.2514363942451967, 0.2527789831658212, 0.25006160302018343, 0.2515969558199984, 0.24462823679045614, 0.25596747349250026, 0.2654727794870415, 0.2455518627314619, 0.2596540748853031, 0.26074843004608156, 0.24159467768459722, 0.24599368903775196, 0.2374515078168733, 0.2464278279942647, 0.24937549103349574, 0.24323216007176063, 0.24982579356110912, 0.24055647484055162, 0.23827100779063848, 0.2329540704296587, 0.24255863306767522, 0.26754459620375837, 0.23779441283297048, 0.24088694972006006, 0.24613269739291657, 0.2396125131080697, 0.23891277095373326, 0.2292865306669424, 0.24324902235480084, 0.2372028959906, 0.23357499789507805, 0.23569424422267185, 0.2368754561061099, 0.24967024440476596, 0.23843489119628364, 0.23394756026989377, 0.2391461338795832, 0.2339046985936086], "validation_accuracies": [0.8239796258517007, 0.8390868968092057, 0.8497406562929184, 0.8472072216221982, 0.8556075576356388, 0.8619544781791272, 0.8663679880528554, 0.8668880088536874, 0.874621651532728, 0.8754483512673841, 0.8714481912609837, 0.860541088310199, 0.8771684200701362, 0.8778084456711602, 0.8830086536794806, 0.8823819619451445, 0.8815019267437364, 0.87367494699788, 0.874888328866488, 0.8877155086203448, 0.8850220675493686, 0.8865021267517368, 0.8890088936890809, 0.8920890168940091, 0.8863687880848568, 0.8807418963425203, 0.8919156766270651, 0.8852354094163767, 0.876128378468472, 0.891008973692281, 0.8938490872968252, 0.8938357534301372, 0.8934890728962492, 0.891408989692921, 0.8953291464991933, 0.8828219795458485, 0.8954224835660093, 0.8919156766270651, 0.8956224915663293, 0.8931023907622971, 0.8848087256823606, 0.8941691000973372, 0.8917556702268091, 0.891288984892729, 0.8959691721002173, 0.8971825539688254, 0.8992359694387776, 0.8874221635532088, 0.8951291384988733, 0.8933424003626812, 0.8971692201021374, 0.8935957438297532, 0.8937157486299452, 0.8960491753003453, 0.8978359134365375, 0.8951958078323133, 0.8991559662386496]}