{"training_losses": [0.3608362172476451, 0.3197465888849894, 0.3059243404960632, 0.2973895538775126, 0.2928019121257464, 0.28789453331629433, 0.2840472527527809, 0.2815365912389755, 0.27822263953049975, 0.2764552231470744, 0.27405913868029913, 0.27183681874752047, 0.26959666777451835, 0.2697287076497078, 0.26879228752851486, 0.2666568332997958, 0.26521383084456124, 0.263105506131649, 0.2627501453820864, 0.2611009465074539, 0.26025734489997226, 0.26004340560356776, 0.2594298331348101, 0.25849188939174017, 0.25796678784132004, 0.2567609610859553, 0.25589828915754953, 0.255132762538592, 0.25509238907734555, 0.2549720891404152, 0.25321454512516656, 0.2523933957648277, 0.2532332721145948, 0.25245343780994417, 0.2520026927010218, 0.2523747979482015, 0.2517547369368871, 0.2508800923148791, 0.25144397884925207, 0.2501513900009791, 0.25030771747668584, 0.24988647074460985, 0.2496876920278867, 0.24974905985911688, 0.2485531961464882, 0.24875956601222357, 0.2476518357181549, 0.24816857854843138, 0.24799368040482203, 0.24757102338075637, 0.24743482285896937], "training_accuracies": [0.8207923597453248, 0.8439697989932998, 0.8504250141671389, 0.8544684822827427, 0.8563818793959799, 0.8584452815093836, 0.8598386612887097, 0.8614870495683189, 0.862972099069969, 0.8632554418480616, 0.8638171272375745, 0.8645704856828561, 0.8668972299076636, 0.8677022567418914, 0.8679339311310377, 0.8698923297443248, 0.8710907030234342, 0.8725457515250509, 0.8728724290809694, 0.8743374779159305, 0.8748741624720824, 0.8753308443614787, 0.8748241608053602, 0.8761892063068769, 0.8769858995299843, 0.8773275775859195, 0.8779492649754992, 0.8786976232541085, 0.8790176339211307, 0.878664288809627, 0.8795693189772993, 0.8803926797559919, 0.8809693656455215, 0.88066602220074, 0.8814310477015901, 0.880574352478416, 0.8816077202573419, 0.8812993766458882, 0.8812927097569919, 0.8821227374245808, 0.8823927464248809, 0.8826560885362845, 0.8827527584252809, 0.8825644188139604, 0.8838177939264642, 0.883947798259942, 0.8842878095936532, 0.883856128537618, 0.8838927964265475, 0.8839411313710457, 0.8840694689822994], "validation_losses": [0.32536888572302936, 0.31509657774395455, 0.3051712151379613, 0.2948653381820869, 0.2896809398776963, 0.2807777661416397, 0.278803455059668, 0.277168798300173, 0.2786932534817754, 0.27339893575525015, 0.26962261017722833, 0.2793186638840965, 0.27106558432041766, 0.26847811611116257, 0.2644684853277126, 0.26576553109740164, 0.26716590368445065, 0.26122986237129264, 0.2608887255530278, 0.2604066955388243, 0.26211555132464626, 0.2575337757381905, 0.25975601696375283, 0.255046977424665, 0.25898214038102596, 0.2586009858333422, 0.25205314528140393, 0.2497857534068533, 0.2507860644769194, 0.25150378038907245, 0.24916552531117328, 0.2510945068263433, 0.2522891517923408, 0.25173684611408964, 0.2482269316702578, 0.2474279310175591, 0.2488037391852675, 0.24924880742399397, 0.24904643085069442, 0.24824408595694497, 0.24403537547512522, 0.24794173129857772, 0.2507202824612151, 0.24554076053174878, 0.24592270519872841, 0.24593306381810598, 0.2487989590157028, 0.24671172141202555, 0.244170598205625, 0.24735866690895753, 0.24695946944429872], "validation_accuracies": [0.8406069576116378, 0.8474738989559583, 0.8493273064255904, 0.8575009667053349, 0.859594383775351, 0.8612477832446631, 0.8616611331119911, 0.8649279304505514, 0.8630611891142312, 0.8636345453818153, 0.8674346973878955, 0.8617544701788071, 0.8641012307158953, 0.8687414163233196, 0.8703281464591917, 0.8726349053962158, 0.8694747789911597, 0.8731949277971118, 0.8760750430017201, 0.875515020600824, 0.8754216835340081, 0.8759283704681521, 0.8777817779377842, 0.8783284664719923, 0.8775417683374002, 0.8778351134045361, 0.8819686120778164, 0.8806218915423284, 0.8821286184780724, 0.8805285544755124, 0.8823552942117685, 0.8794351774070963, 0.8806218915423284, 0.8814485912769844, 0.8841953678147126, 0.8844620451484726, 0.8840353614144566, 0.8842220355480885, 0.8837420163473205, 0.8839553582143286, 0.8861687800845367, 0.8842220355480885, 0.8833153326133045, 0.8862487832846647, 0.8842087016814006, 0.8860887768844087, 0.8834486712801846, 0.8868354734189368, 0.8868754750190008, 0.8863821219515448, 0.8868754750190008]}