{"training_losses": [0.002091302819159381, 0.0010501999550220486, 0.0007896615565262439, 0.0006314855562802375, 0.000536564764050476, 0.0004623475849558882, 0.000413458713072815, 0.0003750426931105733, 0.0003529395804554713, 0.0003192244117375556, 0.0003330701857791414], "training_accuracies": [0.9468132271075702, 0.975830861028701, 0.9822477415913864, 0.9860662022067402, 0.9883696123204107, 0.9899379979332644, 0.9910847028234274, 0.9920197339911331, 0.9927947598253275, 0.9933697789926331, 0.9935281176039201], "validation_losses": [0.0011516187574425775, 0.0012576096982619897, 0.0008747978781069202, 0.0007065432134782439, 0.0009072196358814811, 0.0006875878990973012, 0.0008557445828465975, 0.0008078992501039306, 0.0008296448719327703, 0.0010261377012989012, 0.0007633935173376163], "validation_accuracies": [0.9736122778244463, 0.9725722362227822, 0.9821992879715189, 0.984346040508287, 0.983332666639999, 0.9860661093110391, 0.9864394575783031, 0.983826019707455, 0.9871861541128312, 0.9823192927717108, 0.9878795151806072]}