{"training_losses": [0.006522855233055714, 0.006042239040209852, 0.005943930361576011, 0.005856766687338104, 0.005826514787047325, 0.005776808230399036, 0.005757084670395743, 0.005729634275782795, 0.005718762222943837, 0.005694082979704087, 0.005699513727571373, 0.005688857389567729, 0.005682743959671029, 0.005659964780487964, 0.005655634121562589, 0.005653780474779491, 0.005651391774233176, 0.005634417094181226, 0.005638500362512466, 0.0056352721143563215], "training_accuracies": [0.7154905163505451, 0.7253308443614788, 0.7200906696889896, 0.7300010000333345, 0.7303893463115437, 0.7328377612587086, 0.7351328377612587, 0.7346144871495717, 0.7351095036501216, 0.7348561618720624, 0.7292159738657955, 0.7341861395379846, 0.7291459715323844, 0.7385829527650921, 0.732914430481016, 0.7328027600920031, 0.7378995966532218, 0.732914430481016, 0.7395379845994866, 0.7379312643754792], "validation_losses": [0.0026218890790130457, 0.0026130149246036244, 0.002217817118279557, 0.002134531539074635, 0.002188646219310051, 0.0022248713158090215, 0.0019777388216389866, 0.0018113267596053103, 0.001830366855516261, 0.001906798610690419, 0.001828985604432932, 0.001801708581814876, 0.0017022491520684005, 0.0016898357732350162, 0.0016184490144897329, 0.0016848433688826383, 0.0020809755495121915, 0.0017842798515621205, 0.0018402229755262896, 0.0018527616513151024], "validation_accuracies": [0.9495846500526688, 0.9468778751150047, 0.9599450644692454, 0.9653052788778218, 0.9660519754123498, 0.953891488992893, 0.9610517754043495, 0.9668520074136299, 0.9702921450191341, 0.9614384575383015, 0.9674520314145899, 0.9703188127525101, 0.9717988719548782, 0.9716388655546222, 0.9708521674200301, 0.9712921850207341, 0.9497313225862368, 0.968358734349374, 0.9735456084910064, 0.9635718762083817]}