{"training_losses": [0.5170134420712789, 0.47896722472190856, 0.4673264412689209, 0.46117402963002524, 0.4553462757396698, 0.45164621356328327, 0.44844859033902484, 0.44602842140515647, 0.44286302878379824, 0.4411252343527476, 0.4399121892197927, 0.437736380926768, 0.43723909777641295, 0.4364682764339447, 0.43530135397911074, 0.4349300117492676, 0.4341584124692281, 0.43306449044704437, 0.4319660790952047, 0.4321277135181427, 0.43046249480247495, 0.43154203216552733, 0.4308265730222066, 0.42964297627449033, 0.42975155289967854, 0.42905646462758384, 0.4277551146443685, 0.42858773723920185, 0.42882750322024027, 0.4278191059589386, 0.42689686853726705, 0.42686559522628786, 0.42662490181605023, 0.42724046898523965, 0.42610322571436565, 0.4248837661075592, 0.42530653901100157, 0.42504263200441994, 0.4257364550526937, 0.4256679192622503, 0.4247350046730041, 0.4254227810637156], "training_accuracies": [0.657486916230541, 0.6776125870862362, 0.6851678389279643, 0.6855395179839328, 0.6875262508750292, 0.6875329177639254, 0.689569652321744, 0.6900896696556552, 0.6974665822194073, 0.6972415747191573, 0.6965615520517351, 0.7021267375579185, 0.6961398713290443, 0.6906846894896497, 0.6967748924964166, 0.6965632187739591, 0.6943231441048034, 0.7035951198373279, 0.7040351345044835, 0.6944381479382646, 0.6998449948331611, 0.7000416680556019, 0.6902630087669589, 0.699866662222074, 0.7056851895063169, 0.6957231907730258, 0.7038634621154038, 0.7008183606120204, 0.7076335877862595, 0.7001533384446148, 0.7058535284509484, 0.7046734891163039, 0.7057301910063669, 0.7020100670022335, 0.7024400813360445, 0.7013983799459982, 0.7051285042834761, 0.7011117037234574, 0.6973632454415147, 0.7030284342811427, 0.7035934531151038, 0.6987599586652888], "validation_losses": [0.4245111022890215, 0.3405960697377846, 0.3545407288942676, 0.3206432820815303, 0.2872551972398977, 0.2963476056753623, 0.27898704188701773, 0.2811582002008872, 0.27389322529926746, 0.2961125916790577, 0.27759854008531587, 0.2708150469675031, 0.27750247460524696, 0.26507592207874126, 0.25645907541274865, 0.2781577806660448, 0.2737262919301545, 0.2632038644987977, 0.2561379859103681, 0.2665449372392899, 0.25620926572823105, 0.2735647779033668, 0.26103209935326604, 0.24566445080932633, 0.2559537697518702, 0.24699638812931637, 0.24839415669008993, 0.25863443223759297, 0.24930882784755204, 0.2471122251327147, 0.25119784944745394, 0.24268842160702842, 0.25689554179403923, 0.24954623701716847, 0.25154537802145877, 0.25756255737268835, 0.24474812364854048, 0.2602060419500322, 0.24374766912198956, 0.25099899776922924, 0.24386188785543159, 0.25442667208105235], "validation_accuracies": [0.780244543115058, 0.8637278824486313, 0.8453938157526301, 0.8602077416429991, 0.8818219395442485, 0.8787818179393843, 0.8882088616878009, 0.891182313959225, 0.890848967292025, 0.8807952318092723, 0.8983426003706815, 0.8973158926357054, 0.8992493033054656, 0.8839953598143926, 0.8963558542341694, 0.891448991292985, 0.9022894249103297, 0.9017027347760577, 0.9025961038441538, 0.9005693561075776, 0.9035694761123778, 0.906502926783738, 0.9090496953211462, 0.9092497033214662, 0.9101164046561863, 0.9091963678547141, 0.9089963598543942, 0.9051162046481859, 0.9046361854474179, 0.9081563262530501, 0.9095297145219142, 0.9103564142565702, 0.9084630051868742, 0.9071429523847621, 0.9115297945251143, 0.9100630691894342, 0.9107030947904583, 0.9094630451884742, 0.9103964158566342, 0.9099430643892422, 0.9067962718508741, 0.9106897609237703]}