{"training_losses": [0.45256053584893546, 0.40566009572347006, 0.3906081588713328, 0.3811368789545695, 0.3749072949345907, 0.37034362841765084, 0.3675470436938604, 0.3652088842646281, 0.36200407641092935, 0.3596929368686676, 0.3590904016876221, 0.35609470597743986, 0.3548853258323669, 0.3549739178800583, 0.3534694353802999, 0.3516447855059306, 0.3517826190932592, 0.35057145753065744, 0.3487114821132024, 0.3482738489373525, 0.3491649021784465, 0.34780838240305584, 0.34669841719150546, 0.3462770199505488, 0.345909866698583, 0.3456390968910853, 0.345036441895167, 0.3442046240075429, 0.34460924683094024, 0.3440376788520813, 0.34323220752716066, 0.34414931357701617, 0.3424794115749995, 0.34275998782952627, 0.34130484247843423, 0.34128520098050436, 0.34146027357260383, 0.3405938354444504, 0.34058752058347064, 0.34039936949094135, 0.339750074095726, 0.3402745576349894, 0.33957064767837525, 0.34084833673000337, 0.33940341811498004, 0.3383371655241648, 0.33937059990882873, 0.339061550210317, 0.3382380844306946, 0.33785163760503134, 0.33864377123037975, 0.33864819172382354, 0.33777189431667326, 0.33736596571445465, 0.3375018035252889], "training_accuracies": [0.7701506716890563, 0.7957331911063702, 0.8045601520050668, 0.8091386379545985, 0.813375445848195, 0.8154888496283209, 0.8166788892963098, 0.8179222640754692, 0.8197289909663655, 0.8207290243008101, 0.8213157105236841, 0.8226824227474249, 0.8231207706923565, 0.8231774392479749, 0.8239741324710824, 0.8252258408613621, 0.8253408446948232, 0.8250258341944732, 0.8257025234174472, 0.8262475415847195, 0.8249191639721324, 0.825517517250575, 0.8254841828060936, 0.8260592019733991, 0.8262542084736157, 0.8266392213073769, 0.8270575685856195, 0.8270592353078436, 0.8267908930297676, 0.8269508983632787, 0.8274625820860695, 0.8262725424180806, 0.8280109336977899, 0.8279642654755158, 0.8287909596986566, 0.8287126237541251, 0.8284359478649288, 0.8289509650321677, 0.8289392979765993, 0.8287259575319177, 0.8283509450315011, 0.8293126437547919, 0.8287476249208307, 0.8291709723657456, 0.82931597719924, 0.8301426714223807, 0.8302576752558418, 0.8301343378112603, 0.8298926630887696, 0.8299759991999733, 0.8295909863662122, 0.8298443281442714, 0.8305776859228641, 0.8314460482016067, 0.8307960265342178], "validation_losses": [0.41398176201748715, 0.3969600778186096, 0.38418894517098606, 0.3767706960782997, 0.3674042942073706, 0.36490561286383955, 0.36048154679671446, 0.35963085904501324, 0.36278802737540194, 0.35706610842819264, 0.3568096296530367, 0.3578498091234604, 0.35441662971303123, 0.3506657123842415, 0.3552253376656875, 0.34801606083715, 0.3463489339388099, 0.3478027028964358, 0.3446134497062778, 0.3460749265462006, 0.3475071993965921, 0.3476112982355657, 0.3443670186250995, 0.342164096441573, 0.34575927959733727, 0.3420745661153268, 0.3475422879522351, 0.3417144220598485, 0.34129446740742175, 0.33955052593361035, 0.34129813338537934, 0.33792970289459456, 0.34026323431057537, 0.34085172569004885, 0.3383976701735728, 0.33842176251564454, 0.3363240220538293, 0.3406533065173608, 0.3374521611138869, 0.33729347321177927, 0.34191466476814425, 0.33506548146143106, 0.33467047024493696, 0.335280663095983, 0.33282470599300035, 0.3374582470099377, 0.33487090788820534, 0.3360868459669536, 0.33762610297160883, 0.3388667969338363, 0.3368847647761319, 0.3330401254400368, 0.33582508065713773, 0.3333921022504359, 0.33504493485745324], "validation_accuracies": [0.7920850167340027, 0.8041388322199554, 0.8076856407589637, 0.813459205034868, 0.8173126925077003, 0.8180460551755404, 0.8202728109124365, 0.8198461271784204, 0.8213128525141006, 0.8208595010467086, 0.8230729229169167, 0.8195527821112845, 0.8243929757190288, 0.8263530541221649, 0.8209128365134606, 0.8266330653226129, 0.8267930717228689, 0.8267930717228689, 0.8258463671880208, 0.829153166126645, 0.8270864167900049, 0.8240596290518287, 0.8288464871928211, 0.827859781057909, 0.829246503193461, 0.828833153326133, 0.8269264103897489, 0.8250463351867408, 0.8307932317292692, 0.8312332493299732, 0.827166419990133, 0.828326466391989, 0.8296331853274131, 0.829673186927477, 0.8315265943971092, 0.827779777857781, 0.8284731389255571, 0.828539808258997, 0.8315532621304852, 0.829099830659893, 0.8293265063935891, 0.8331666599997333, 0.8340733629345174, 0.8302065415949972, 0.8329666519994133, 0.8320599490646292, 0.8320332813312532, 0.8318999426643733, 0.8302465431950611, 0.8328333133325333, 0.8312465831966612, 0.8334600050668693, 0.8338600210675093, 0.8303665479952531, 0.8297265223942291]}