{"training_losses": [0.42890055888175965, 0.3819520948076248, 0.36574174527963005, 0.35673130135854086, 0.35234867329279584, 0.34741701421896615, 0.34306819401105243, 0.3406541390037537, 0.33847379872163136, 0.335540767882665, 0.33430013481140136, 0.33191804477850595, 0.3292425052579244, 0.3281308686208725, 0.3266488329188029, 0.32596277170499166, 0.324846847931544, 0.32332031142393747, 0.32285850685040157, 0.3216829154427846, 0.3200270807997386, 0.3200534531752268, 0.31975626308918, 0.3187389209024111, 0.3178684904408455, 0.3172667781170209, 0.31701800467888513, 0.317107581653595, 0.3164394880580902, 0.3153823711593946, 0.31526732919216155, 0.31368780631224313, 0.31461435014883676, 0.31520766294240954, 0.3130362783805529, 0.31394766794522605, 0.3135845152115822, 0.3133992968559265, 0.3121918078025182, 0.31222658964872363, 0.3122437559247017, 0.3111805979442596, 0.3107671150279045, 0.31111485963344576, 0.31120142168680826, 0.3112772483968735, 0.30995194132725395, 0.3106681747031212, 0.3105516779947281, 0.3089936058870951, 0.3094157305486997, 0.3101721888566017, 0.30919873121182123, 0.30988572891553245, 0.3087518605645498, 0.3081352317492167, 0.30961775798956553, 0.3082637382904688, 0.308397636774381, 0.3075219440523783, 0.30886948875665665, 0.30727743622461956], "training_accuracies": [0.7823544118137271, 0.8099569985666188, 0.8188722957431914, 0.824010800360012, 0.8260108670289009, 0.828170939031301, 0.8303660122004067, 0.8316810560352011, 0.8327010900363345, 0.8344911497049902, 0.8343444781492716, 0.8360662022067402, 0.8368378945964865, 0.8372695756525218, 0.8384196139871329, 0.8388162938764625, 0.8390146338211274, 0.839634654488483, 0.8395413180439348, 0.8405413513783793, 0.8411263708790293, 0.8409963665455515, 0.8414213807126905, 0.8422730757691923, 0.8432431081036035, 0.843143104770159, 0.8436031201040035, 0.8430131004366812, 0.8438914630487683, 0.8439147971599054, 0.844041468048935, 0.8452048401613387, 0.8438564618820628, 0.844313143771459, 0.8447281576052535, 0.8451848394946498, 0.8454665155505183, 0.845704856828561, 0.8456665222174072, 0.8455581852728424, 0.8460298676622554, 0.8463248774959166, 0.8467198906630221, 0.8460982032734424, 0.8462332077735925, 0.8465048834961165, 0.847616587219574, 0.8472615753858462, 0.8472732424414147, 0.8478899296643222, 0.8477865928864295, 0.8472249074969166, 0.8471699056635221, 0.8469398979965999, 0.8476132537751259, 0.8474782492749758, 0.8467882262742091, 0.8479182639421314, 0.8480449348311611, 0.8480749358311944, 0.8475549184972833, 0.847773259108637], "validation_losses": [0.3974203826389705, 0.3674447857940949, 0.35640093948748097, 0.3522890167038754, 0.34840821686462403, 0.3447341397775619, 0.34056282451033587, 0.33710370440299015, 0.3357763199209779, 0.33092692539510504, 0.32922053637279314, 0.32724331622583597, 0.32596019868681536, 0.32467580672697827, 0.32758807832460524, 0.33132415018556427, 0.3239642221702673, 0.3217562230320631, 0.3214901115836571, 0.32044340552788486, 0.3211235173637778, 0.319972958262865, 0.31983855000522776, 0.3146694049240756, 0.3146350138706453, 0.3142150791599536, 0.3162286483081712, 0.3143200328348474, 0.31300334855794654, 0.31343918619970335, 0.31216754367850014, 0.31609906015170103, 0.31085975370168795, 0.31205138556310064, 0.3098768191284789, 0.3115396302227668, 0.31608226935151634, 0.3098593764195307, 0.3081310535618738, 0.3079320533418763, 0.3110257968382613, 0.3073677956963829, 0.31058627649600573, 0.3107407665602385, 0.31904180819228695, 0.3072506335893171, 0.3068181131951633, 0.30702828179939695, 0.30544568279709833, 0.307508746025971, 0.3061429883566888, 0.30309198550671324, 0.30971818700931136, 0.3062162057570854, 0.306213547585685, 0.3127760385464232, 0.30578107333673843, 0.3136789711744549, 0.3063840293258922, 0.30373852611988883, 0.3077420230512322, 0.3034017438333024], "validation_accuracies": [0.8034988066189315, 0.8170193474405643, 0.8238062855847568, 0.827539768257397, 0.8292865047935251, 0.8310599090630292, 0.8322999586650133, 0.8320599490646292, 0.8335933437337494, 0.8355934237369494, 0.8378868488072856, 0.8374334973398936, 0.8406069576116378, 0.8389268904089497, 0.8389802258757016, 0.8349133965358614, 0.8387668840086937, 0.8426337053482139, 0.8418736749469978, 0.8414736589463578, 0.8391535661426457, 0.8420470152139419, 0.843820419483446, 0.844873794951798, 0.8426603730815899, 0.8445804498846621, 0.84419376775071, 0.8468338733549342, 0.843407069616118, 0.8462205154872862, 0.8453804818859421, 0.843540408282998, 0.8465538621544861, 0.8458738349533982, 0.8468872088216862, 0.8461671800205341, 0.84372708241663, 0.84479379175167, 0.8486739469578783, 0.8478739149565983, 0.844447111217782, 0.8473672280224542, 0.8502340093603744, 0.8497139885595424, 0.8301265383948692, 0.8482072616237983, 0.8480872568236063, 0.8474472312225823, 0.8503540141605664, 0.8502873448271264, 0.8505140205608225, 0.8515140605624225, 0.8449671320186141, 0.8501540061602464, 0.8491939677587104, 0.844313772550902, 0.8496339853594144, 0.8477539101564062, 0.8476605730895902, 0.8495939837593504, 0.8466872008213662, 0.8514207234956065]}