{"training_losses": [0.5210918705113728, 0.4945912804031372, 0.4875084228038788, 0.4834683554426829, 0.48008513456344604, 0.4775902983951569, 0.4750964046700796, 0.4731691138235728, 0.4719309959411621, 0.4705619337972005, 0.46971287564913433, 0.4684179433250427, 0.4677668704287211, 0.46710508783022564, 0.46600290134429934], "training_accuracies": [0.6532517750591686, 0.6758975299176639, 0.6692573085769525, 0.6754291809726991, 0.6753275109170306, 0.6758241941398047, 0.6786542884762825, 0.6826894229807661, 0.6790993033101104, 0.6817043901463382, 0.678822627420914, 0.6834477815927198, 0.6830377679255976, 0.6804526817560586, 0.6843928130937698], "validation_losses": [0.4023807505762478, 0.38849509926811493, 0.3684313984943121, 0.36302075612718865, 0.35869350892818347, 0.34303116971369924, 0.3419707428436792, 0.3585070831738082, 0.3465462691661385, 0.3293621836089674, 0.34612245787183027, 0.33476428894297067, 0.335685922472175, 0.3339304589317095, 0.3300841035065776], "validation_accuracies": [0.8373001586730136, 0.8513273864287905, 0.8551142045681828, 0.8538074856327587, 0.860474418976759, 0.8624478312465832, 0.8613944557782311, 0.8642345693827753, 0.8573676280384549, 0.8622744909796392, 0.8681147245889835, 0.8676747069882795, 0.8698747949917996, 0.859901062709175, 0.8727415763297198]}