{"training_losses": [0.006590711494391829, 0.006123070962571348, 0.006016417271235795, 0.005941928797136517, 0.005899676499460065, 0.005859153782230778, 0.005844104220119769, 0.0058183753883156355, 0.0057846538175624265, 0.005785431260948217, 0.005760713551512495, 0.00575451123066821, 0.005752342598153701], "training_accuracies": [0.7057751925064168, 0.724369145638188, 0.7225690856361878, 0.723134104470149, 0.7297543251441715, 0.7277025900863362, 0.7312993766458882, 0.7296609886996234, 0.7300110003666789, 0.7328027600920031, 0.7296643221440715, 0.7281809393646455, 0.731766058868629], "validation_losses": [0.002842172692009202, 0.0027658175037527334, 0.0024343336282358894, 0.0022547411336199985, 0.0021741320357905477, 0.00210505274536117, 0.002594164408202845, 0.0019300084447409136, 0.001980813941164843, 0.002050077351795946, 0.002032535493561434, 0.0023553288683959075, 0.0022846482593711173], "validation_accuracies": [0.9450378015120605, 0.9416910009733722, 0.9492913049855327, 0.9592783711348454, 0.9611317786044775, 0.9617318026054376, 0.9394642452364761, 0.9615717962051815, 0.9612384495379815, 0.9657186287451498, 0.9657719642119018, 0.9606650932703975, 0.9662386495459818]}