{"training_losses": [0.3924153069003423, 0.33261819149335226, 0.31449994778315227, 0.3038231904848417, 0.2941741356444359, 0.28839034874598185, 0.282532302933534, 0.27754885621388753, 0.2755598755486806, 0.26951317897558213, 0.26682395996570585, 0.26491347607215243, 0.2627200001120567, 0.26088617360909777, 0.2585874236504237, 0.25625641887187955, 0.2909045684528351, 0.2533946956030528, 0.2530624813357989, 0.2503407959270477, 0.24852905622402827, 0.24807537172873814, 0.24568027155160904, 0.24621187684575715, 0.2513490373579661, 0.24579031858762104, 0.24164700869878133, 0.2550853541167577, 0.24055599456389745, 0.25180678869247436, 0.2923995305514336, 0.23920157070716222, 0.23848457195838293, 0.24026683775107066, 0.23694231775244076, 0.2485823072298368, 0.2666896763507525, 0.2350406189250946, 0.2381114619378249, 0.27320783079147337, 0.23510398322900136, 0.24065200671831766, 0.5003426133839289, 0.23319055585225423, 0.23578544666449228, 0.23758923795660336, 0.23984012786547343, 0.3948635540787379, 0.23217915614366533, 0.23084803945700327, 3.049638019569715, 0.5018003798898061, 0.23359440072894097, 0.2543557177337011, 0.29137556254347163, 0.26559113629261655, 0.24710935952981314], "training_accuracies": [0.8053985132837761, 0.8411163705456849, 0.8512383746124871, 0.856385212840428, 0.8609053635121171, 0.8641371379045968, 0.8668205606853562, 0.869447314910497, 0.8702456748558285, 0.8727140904696823, 0.8743508116937231, 0.8752075069168972, 0.8765242174739158, 0.8778125937531251, 0.8783592786426214, 0.8788726290876363, 0.8795426514217141, 0.880644354811827, 0.880124337477916, 0.881721057368579, 0.8819560652021734, 0.8820527350911697, 0.8834461148704957, 0.8826994233141104, 0.8838461282042734, 0.8853495116503883, 0.885677855928531, 0.8855195173172439, 0.8868212273742458, 0.8862528750958365, 0.8865762192073069, 0.8861128704290143, 0.8873845794859828, 0.8879095969865662, 0.8888796293209774, 0.8886329544318144, 0.8898013267108904, 0.8898779959331977, 0.8898846628220941, 0.8871912397079903, 0.8899563318777293, 0.8904263475449181, 0.889569652321744, 0.8916763892129738, 0.890759691989733, 0.8933847794926497, 0.8906580219340645, 0.892489749658322, 0.892469748991633, 0.8927364245474849, 0.8889096303210107, 0.8921814060468682, 0.8934331144371479, 0.8910697023234108, 0.88925297509917, 0.88170105670189, 0.8856045201506717], "validation_losses": [0.3504431632057649, 0.31907000212162184, 0.30496157590060075, 0.30062102082544473, 0.28305120018359803, 0.2966094349643632, 0.2960975820557853, 0.2833267015932495, 0.26883671233638046, 0.2662346636060282, 0.2598772781508418, 0.2645093847043964, 0.2552689568597679, 0.27141479506157623, 0.2503744700983242, 0.25504514117507515, 0.2502505932277833, 0.24891231798376384, 0.25449949965288043, 0.24933715156589195, 0.2566815966722873, 0.24498989615544361, 0.2423330782000397, 0.24261740174461444, 0.24958935023554357, 0.23605895391456197, 0.24861184426676344, 0.24108123332444817, 0.24400830821134434, 0.2501516028506616, 0.23311121163402343, 0.242258672593099, 0.25643083074488404, 0.23875874954370555, 0.24019512282621464, 0.23919630380100934, 0.24109857336307602, 0.22714684222866868, 0.24025612491192136, 0.23917071173917268, 0.23988945090669797, 0.23157431000257583, 0.2439060545464255, 0.23459872640368454, 0.24128794685325572, 3.460495027160585, 0.2269531008237889, 0.22763273908751594, 0.25001426592173986, 0.2389254526762052, 0.25779059664341436, 0.22703859640746843, 3.4548853310589087, 0.2448539568805921, 0.24660487263303554, 0.25635273248323476, 0.2867673966046483], "validation_accuracies": [0.8226729069162767, 0.8510607090950305, 0.8587410163073189, 0.8542475032334627, 0.8690747629905197, 0.8628211795138472, 0.8621144845793832, 0.8681680600557355, 0.874221635532088, 0.8779951198047922, 0.8783284664719923, 0.8798218595410483, 0.8816219315439284, 0.8798485272744243, 0.8814619251436724, 0.8804485512753844, 0.8825953038121525, 0.8803152126085043, 0.8806752270090804, 0.8800085336746803, 0.8731149245969839, 0.8883155326213048, 0.8843687080816566, 0.8877288424870328, 0.8832353294131765, 0.8894755790231609, 0.8874621651532728, 0.8849553982159286, 0.8777817779377842, 0.8857554302172087, 0.8923690280944571, 0.8857820979505847, 0.889955598223929, 0.8939290904969532, 0.8901022707574969, 0.889408909689721, 0.8862754510180407, 0.8925023667613371, 0.8881955278211129, 0.8787284824726322, 0.890662293158393, 0.8956358254330173, 0.8828486472792245, 0.8936357454298172, 0.8733015987306159, 0.8942624371641532, 0.8971158846353854, 0.8963958558342334, 0.8891689000893369, 0.8723682280624558, 0.8874221635532088, 0.8972625571689534, 0.8995293145059136, 0.8921556862274491, 0.8840086936810806, 0.8812885848767285, 0.8765417283358001]}