{"training_losses": [0.13377330009554822, 0.05889370758118729, 0.04299858264711064, 0.03342132754321831, 0.02784814351342502, 0.022463531881114857, 0.02045510110874932, 0.015587493917086394, 0.014662585782584696], "training_accuracies": [0.9430131004366812, 0.9772059068635621, 0.9845044834827827, 0.9879179305976866, 0.9902480082669423, 0.9920114003800127, 0.9933314443814794, 0.9944698156605221, 0.9949748324944164], "validation_losses": [0.298094746867039, 0.38510340052342257, 3.0536657479700398, 0.2650566794767637, 0.31781102258805144, 1.8622947189950627, 0.4007087782403688, 0.3670359442441964, 0.5537530969249589], "validation_accuracies": [0.9489179567182687, 0.9628918490072936, 0.9384375375015, 0.9732789311572463, 0.9750790031601264, 0.9523180927237089, 0.9726255716895342, 0.9825726362387829, 0.9822659573049589]}