{"training_losses": [0.0018003133329398894, 0.0008448185999708593, 0.0006209229569981584, 0.000486737234712092, 0.0003944862216254925, 0.00032452349656475417, 0.00027948217172872234, 0.00023700720885379197, 0.0002230307067571265, 0.00021959587747917434, 0.0001823264560993181, 0.0001662476786572074, 0.00014640491060761602, 0.00014603432844424426, 0.00013355785273263548, 0.00016533924786528708], "training_accuracies": [0.950741691389713, 0.9792293076435881, 0.9853595119837328, 0.9884646154871829, 0.9907313577119238, 0.9924947498249942, 0.9935997866595553, 0.9946314877162572, 0.9949381646054869, 0.9958815293843128, 0.9957798593286443, 0.996179872662422, 0.9965882196073202, 0.9967282242741424, 0.9969282309410313, 0.9965698856628554], "validation_losses": [0.000999540594289981, 0.0007531436442784472, 0.0006680665790734379, 0.0008591595953511764, 0.0007399877560250568, 0.0007424380086641551, 0.0006226486801839158, 0.0006996150770636279, 0.0007864380666668449, 0.0006547596419452159, 0.0006203711853765656, 0.0007156168869386319, 0.0008261450070165705, 0.0007533167092521722, 0.0008862100952327102, 0.0009394928866049711], "validation_accuracies": [0.9749189967598704, 0.9822126218382069, 0.984012693841087, 0.9788524874328306, 0.9855194207768311, 0.9856394255770231, 0.9871061509127032, 0.9875595023800952, 0.9850127338426871, 0.9879861861141113, 0.9879595183807353, 0.9876261717135352, 0.9881328586476792, 0.9876395055802232, 0.9884662053148793, 0.9880928570476153]}