{"training_losses": [0.0025211885212512827, 0.000936992042043729, 0.0006003861423926936, 0.0004410345541684049, 0.0003565663306757112, 0.00043168179024261375, 0.0002639009588136913, 0.00028914663720199993, 0.0002618178829219212], "training_accuracies": [0.9279959331977733, 0.9771375712523751, 0.9860212007066902, 0.9901163372112404, 0.9922614087136238, 0.9936631221040702, 0.9943081436047868, 0.9940764692156405, 0.9946831561052035], "validation_losses": [0.001380391337495765, 0.0007899103878682106, 0.0006378066603311396, 0.000530771946255552, 0.008586889041705525, 0.0006872512049646221, 0.0007200045074451672, 0.000648242808348686, 0.0006030118110824808], "validation_accuracies": [0.9661453124791658, 0.9812525834366708, 0.9859994399775991, 0.9884395375815033, 0.9893862421163513, 0.9884662053148793, 0.9885195407816313, 0.9867594703788152, 0.9900929370508154]}