{"training_losses": [0.13789811196570595, 0.0601088765689979, 0.041624517472634716, 0.03259734140981299, 0.026359152044866545, 0.021311412331881, 0.019096389990576234], "training_accuracies": [0.9401796726557552, 0.9773792459748658, 0.984667822260742, 0.9882729424314144, 0.9905396846561552, 0.9924964165472182, 0.9935114503816794], "validation_losses": [0.44065939393682974, 0.3393777381389106, 0.3688611952798357, 0.504382387637252, 0.9417789346735874, 0.9027242881810869, 0.5665632559592598], "validation_accuracies": [0.9497046548528608, 0.9583183327333094, 0.9716388655546222, 0.968238729549182, 0.9616517994053095, 0.9654519514113898, 0.9778924490312946]}