file,f1_score@0.1%FPR,f1_score@1%FPR,accuracy@0.1%FPR,accuracy@1%FPR,TPR@0.1%FPR,TPR@1%FPR,FPR@0.1%FPR,FPR@1%FPR
AvastStyleConv,0.0,0.7763050138008433,0.4667395565274204,0.8033307110761477,0.0,0.6399459918987849,0.0,0.009998571632623911
BBDnn,0.9242118842215593,0.9659635543481047,0.9247989973199643,0.9645861944825931,0.8598539780967145,0.942366354953243,0.000999857163262391,0.010027138980145693
EmberGBDT,0.9959616735226247,0.9949544656093884,0.9957066094214589,0.99459992799904,0.9928239235885383,0.9984497674651198,0.000999857163262391,0.009798600199971433
MalConv,0.9657266138721304,0.9855670103092784,0.9646261950159335,0.9846931292417233,0.9345651847777167,0.9800470070510576,0.0010284245107841736,0.009998571632623911
NGramConv,0.9129496109821174,0.9788790321560091,0.91451886025147,0.9777463699515994,0.840576086412962,0.9670450567585138,0.000999857163262391,0.010027138980145693
ResNet18,0.8963758426269283,0.9744919357913601,0.8997719969599595,0.9732396431952426,0.8129219382907437,0.9585687853177977,0.000999857163262391,0.009998571632623911
