{"training_losses": [0.006961128984818025, 0.006480719746619511, 0.006358913236083363, 0.006271977965889536, 0.00622809451505432, 0.006197908739305869, 0.006171433441384386, 0.006136219961544312, 0.006112520242228922, 0.006108169034513347, 0.006087731191279781, 0.006077490399741479, 0.006064921891027865, 0.006054356023274349, 0.006037489708426468, 0.006027744500356863, 0.006026637247765778, 0.006018708233173825, 0.006014332320123773, 0.00601506041823405], "training_accuracies": [0.7251408380279343, 0.7403063435447849, 0.7428330944364813, 0.7460965365512183, 0.7461948731624387, 0.7476932564418814, 0.7481249374979166, 0.7488882962765425, 0.7501516717223907, 0.7500950031667722, 0.7505800193339778, 0.7505600186672889, 0.7504316810560352, 0.7514900496683222, 0.7519167305576853, 0.7522750758358612, 0.7518983966132204, 0.752270075669189, 0.7525834194473149, 0.752540084669489], "validation_losses": [0.0030124974876349357, 0.002511790438037854, 0.0023646080499847965, 0.0028063820424343057, 0.0024147069911617455, 0.002002630774444114, 0.002102790412928169, 0.001999711698421086, 0.0020097050163272743, 0.0019981705880412906, 0.00201183870417475, 0.002256111305197129, 0.0018230735892440255, 0.0018962413051822945, 0.001694259813140659, 0.0018036871669571315, 0.0018189707451921856, 0.00189375759721063, 0.0021954486253241, 0.002180874934517969], "validation_accuracies": [0.9466245316479326, 0.9566115977972452, 0.9604117498033254, 0.9446644532447964, 0.9514513913889889, 0.9654519514113898, 0.9679987199487979, 0.9673453604810859, 0.969705454884862, 0.968358734349374, 0.9684387375495019, 0.9602650772697574, 0.9720255476885742, 0.9714788591543662, 0.9716388655546222, 0.9730255876901742, 0.9635585423416937, 0.9715321946211182, 0.9737989519580783, 0.967198687947518]}