{"training_losses": [0.008227554761098581, 0.00755651445915359, 0.0074359879187255815, 0.0073197288458981295, 0.007283175136476617, 0.0073026654375998624, 0.0070946448422004, 0.007213454092025574, 0.0070483087301959615, 0.007098428445418257, 0.006975911588173135, 0.007062312580309549, 0.006857228977107426, 0.0070819756313361204, 0.006897200973020037, 0.0070422097606942504, 0.0069924003851892964], "training_accuracies": [0.658768625620854, 0.6730474349144971, 0.6773192439747991, 0.6884079469315644, 0.6881096036534551, 0.686399546651555, 0.6971782392746425, 0.6864512150405013, 0.6927914263808793, 0.6857645254841828, 0.7005950198339944, 0.6876745891529717, 0.6961948731624388, 0.6902896763225441, 0.7016367212240407, 0.6878345944864829, 0.6894029800993366], "validation_losses": [0.006144766287576221, 0.005717921671953507, 0.005339580124908538, 0.004848749033136826, 0.00504543705754438, 0.004744811177932051, 0.005003483483002139, 0.004758911438568742, 0.004631462439407687, 0.004840932970104013, 0.0044862301839756705, 0.0041333707983705024, 0.004227024207190263, 0.00453231499200686, 0.004368771831034415, 0.0042941061020885345, 0.004242606436013174], "validation_accuracies": [0.8368868088056856, 0.8536341453658146, 0.8398869288104858, 0.876235049401976, 0.8830086536794806, 0.8800218675413684, 0.8633278664479912, 0.890875635025401, 0.8875421683534008, 0.8808885688760884, 0.8939957598303933, 0.8981559262370494, 0.8973558942357694, 0.8927023747616571, 0.889328906489593, 0.8901689400909369, 0.8965025267677373]}